Monumen Nasional=Jalan Medan Merdeka Jakarta Pusat
Patung Pangeran Diponegoro (Monas)=Jalan Medan Merdeka Jakarta Pusat
Patung Dada M.H. Thamrin (Monas)=Jalan Medan Merdeka Jakarta Pusat
Patung Dada Chairil Anwar (Monas)=Jalan Medan Merdeka Jakarta Pusat
Patung R.A. Kartini (Monas)=Jalan Medan Merdeka Jakarta Pusat
Monumen IKADA (Monas)=Jalan Medan Merdeka Jakarta Pusat
Patung Arjuna Wijaya=Jalan Medan Merdeka Jakarta Pusat
Patung Gajah=Jalan Merdeka Barat Jakarta Pusat
Patung M.H. Thamrin=Jalan MH Thamrin Jakarta Pusat
Monumen Selamat Datang (Bundaran HI)=Jalan MH Thamrin Jakarta Pusat
Patung Jenderal Soedirman=Jalan Jenderal Sudirman Jakarta Pusat
Patung Pahlawan (Tugu Tani)=Jalan Menteng Raya Jakarta Pusat
Monumen Pembebasan Irian Barat=Jalan Lapangan Banteng Jakarta Pusat
Monumen ASEAN / Peace-Indonesia=Taman Suropati Jakarta Pusat
Monumen ASEAN / Rebirth-Philipina=Taman Suropati Jakarta Pusat
Monumen ASEAN / Harmony-Brunei Darussalam=Taman Suropati Jakarta Pusat
Monumen ASEAN / Fraternity-Thailand=Taman Suropati Jakarta Pusat
Monumen ASEAN / The Spirit of ASEAN-Singapura=Taman Suropati Jakarta Pusat
Monumen ASEAN / Peace, Harmony and One-Malaysia=Taman Suropati Jakarta Pusat
Patung Pangeran Diponegoro (Menteng)=Jalan Imam Bonjol Jakarta Pusat
Patung Jenderal Ahmad Yani (Museum Sasmita Loka Ahmad Yani)=Jalan Lembang Jakarta Pusat
Monumen Proklamasi (Tugu Petir, Tugu Peringatan Satu Tahun RI, dan Monumen Proklamator Soekarno Hatta)=Jalan Proklamasi Jakarta Pusat
Patung Dada Ismail Marzuki=Jalan Cikini Raya Jakarta Pusat
Monumen Tekad Merdeka=Jalan Proyek Senen Jakarta Pusat
Monumen Kesetiakawanan Nasional=Jalan Proyek Senen Jakarta Pusat
Patung M.H. Thamrin (Museum M.H. Thamrin)=Jalan Kenari Jakarta Pusat
Patung Dada DR. GSSJ Ratulangi=Jalan Sam Ratulangi Jakarta Pusat
Patung Marinir=Jalan Gunung Sahari Jakarta Pusat
Patung Dr Cipto Mangunkusumo=Jalan Pangeran Diponegoro Jakarta Pusat
Monumen Perjuangan STOVIA=Jalan Abdul Rahman Saleh Jakarta Pusat
Monumen Ancol=Danau Taman Ancol Jakarta Utara
Patung Dewa Hermes=Komplek Museum Sejarah Jakarta Barat
Monumen Tragedi 12 Mei 1998=Jalan Kyai Tapa Jakarta Barat
Patung Pemuda Membangun=Jalan Jenderal Sudirman Jakarta Selatan
Patung Dirgantara=Jalan Gatot Subroto Jakarta Selatan
Patung Elemen Estetik=Jalan Gatot Subroto Jakarta Selatan
Monumen 66=Jalan HR Rasuna Said Jakarta Selatan
Patung Dada Soeprapto=Jalan Sultan Hasanudin Jakarta Selatan
Patung Gajah Mada=Jalan Trunojoyo Jakarta Selatan
Monumen Perjuangan Jatinegara=Jalan Raya Matraman Jakarta Timur
Monumen Persahabatan Negara Non blok=TMII Jakarta Timur
Tugu Api Pancasila=TMII Jakarta Timur
Monumen Pancasila Sakti=Lubang Buaya Jakarta Timur
Patung Pahlawan Cijantung=Jalan Pendidikan Jakarta Timur
Jakarta Mega Wedding Festival 2010=Jakarta Infl Expo
Trend Furniture 2010=JCC
APKOMINDO Summit=JCC
Grand Wedding Expo 2010=JCC
Trend Property 2010=X C
The 19th Education & Training Expo 2010=X C
Furniture Indonesia 2010=Hall A -B , X C
International Plantation Conference & Exhibition=JCC
Festival Cap Gomeh=Jakarta Infl Expo
Mega Bazaar Computer 2010=JCC
Focus - Jakarta Photo & Digital Imaging Expo 2010=X C
Eco Product International Fair=X C
IFFINA2010=Jakarta Infl Expo
General Practitioner Congress=XC
Deep Indonesia 2010=X C
Extreme Indonesia 2010=X C
AGRINEX2010=Hall A, JCC
The 2nd Indonesia International Auto Parts, and Equip Exhibition 2010=Jakarta Infl Expo
Unit Pengelola Museum Seni Rupa (Menaungi Museum Tekstil, Museum Wayang dan Museum Keramik)=Museum Keramik Jl. Pos Kota No.2, Daerah Khusus Ibukota Jakarta 11110, Indonesia
Museum Tekstil=Jl. Aipda Ks Tubun No.2-4, Tanah Abang, Petamburan, DKI Jakarta 10260, Indonesia
Museum Wayang=Jl. Pintu Besar Utara No. 27 Jakarta Barat
Unit Pengelola Museum Kesejarahan Jakarta (Menaungi Museum Joang 45 dan Museum MH Thamrin)=Jl. Taman Fatahillah No.1, Kota Jakarta Barat, DKI Jakarta 11110, Indonesia
Museum Joang 45=Jl. Menteng Raya No.31, RT.1/RW.10, Kb. Sirih, Menteng, Kota Jakarta Pusat, DKI Jakarta 10340, Indonesia
Museum MH Thamrin=Jalan Kenari II No.15, Kenari, Senen.
Unit Pengelola Museum Prasasti=Jl. Tanah Abang I No.1, Kelurahan Petojo Selatan, Kecamatan Gambir, Daerah Khusus Ibukota Jakarta 10160
Unit Pengelola Museum Kebaharian (Menaungi Museum Onrust)=Jl. Ps. Ikan No.1, RT.11/RW.4, Penjaringan, Kota Jakarta Utara, DKI Jakarta 14440, Indonesia
Museum Onrust=Pulau Onrust, Kabupaten Kepulauan Seribu
POP! HOTEL KEMANG=Jl. Kemang Raya No. 3
PECENONGAN CITY=Jl. Ceylon No. 19
IBIS BUDGET=Jl. HOS Cokroaminoto No. 79
ANGKASA=Jl. Sultan Hamengkubuwono IX KM. 25 RT. 001/00 
PURI MEGA=Jl. Rawamangun No. 59
TUGU ASRI=Jl. Jatibaru No. 7-9
MIRAH=Jl. Gunung Sahari XII/18
PENINSULA HOTEL=Jl. Mangga Besar Raya No. 60
IBIS BUDGET=Jl. Cikini Raya No. 75
POP ! HOTEL KELAPA GADING=Jl. Kelapa Gading Boulevard
MEGAH INTERNASIONAL=Jl. Bungur Besar Raya No. 31
HOTEL PURI JAYA=Jl. Percetakan Negara V/5
BANYUWANGI SINTERA=Jl. H. Samanhudi 32 B-34
MAX ONE HOTELS.COM @ Sabang=Jl. KH. Agus Salim No. 24
C' ONE HOTEL CEMPAKA PUTIH=Jl. Letjen Suprapto
FAVE HOTEL=Jl. Kemang I No. 6 RT. 011/011
RENSA SOFYAN=Jl. Raya Duren Sawit No. 108
GOLDEN BAY=Jl. Teluk Gong Raya No. 12
AMARIS=Jl. Mampang Prapatan Raya No. 66
OLYMPIC=Jl. Mangga Besar VII BLOK A.63
HOTEL AGRAHA JAKARTA=Jl. Bandengan Selatan No. 20 RT. 0011/05
HOTEL  N1=Jl. KS. Tubun No. 3 RT.002/01
HOTEL N3=Jl. KH. Zainul Arifin No. 57 RT. 001/03
MEGA MATRA=Jl. Matraman Raya No. 115
TRAVEL=Jl. Mangga Besar VIII No. 21
MEGA=Jl. Proklamasi No. 40
TEMATIK HOTEL=Jl. Raya Jembatan Tiga No. 35
FASHION=Jl. Gunung Sahari XII No.2
SURYA BARU=Jl. Batu Ceper No. 11 A
SURYA=Jl. Batu Ceper 44-46
HOTEL FAVE=Jl. Gading Indah Raya No. 8 Blok C/32
MENTENG I=Jl. Rp. Soeroso No. 28
HOTEL FAVE=Jl. KH. Samanhudi No. 26 RT. 005/003
BUNGA-BUNGA=Jl. Antara No. 13
ROYAL=Jl. Ir. H. Juanda No. 14
TEBET SOFYAN=Jl. Prof. DR. Soepomo, SH No. 23
PRINSEN PARK=Jl. Mangga Besar IX/83-85
MAXIM ASRI=Jl. Kwitang Raya No. 11
ARWANA=Jl. Mangga Besar VIII No. 7
HOTEL ASTIKA=Jl. Mangga Besar Raya No. 76
BINTANG BARU=Jl. Dr. Sutomo No. 9
MENTENG II=Jl. Cikini Raya 105
ALEANDER=Jl. Antara No. 35
TREVA INTERNATIONAL=Jl. Menteng Raya No. 33
GOLDEN BAY=Jl. Teluk Gong Raya No. 12
NEW HARMONI=Jl. Hayam Wuruk No. 1
THE MANSION=Kawasan Mega Kuningan Jl. Mega Kuningan Timu
GREN ALIA PRAPATAN=Jl. Prapatan No. 28
BUSINESS HOTEL=Jl. Hayam Wuruk No. 77
GRAND PARAGON=Jl. Gajah Mada No. 126
THE DHARMAWANGSA=Jl. Brawidjaya Raya No. 39
GOLDEN BOUTIQUE MELAWAI=Jl. Melawai VIII No. 6-8
AMARIS=Jl. Mampang Prapatan Raya No. 66
HOLIDAY INN EXPRESS PLUIT=Mall Emporium Lt. 10 Jl. Pluit Selatan Raya No. 01
OLYMPIC=Jl. Mangga Besar VII BLOK A.63
ALL SEDAYU HOTEL=Kelapa Gading Square Mall Of Indonesia lobby 5 Jl PT. Citra Kirana Abadi
DELTA HOTEL=Jl. Gatot Subroto Kav. 76 RT. 001/01
HOTEL NEO=Rukan Mangga Dua Square Blok A No. 10-12 & 15  PT. Inti Elok Persada      
HOTEL GRIYA ADAMAR=Jl. TB. Simatupang RT. 011/004
PRAMUKA HOTEL=Jl. Pramuka Raya No. 149 RT. 14/07
GRAND CILEDUG=Jl. Ciledug Raya RT.004/03
STADIUM=Jl. Hayam Wuruk No. 111 GG - HH - II
GOLDEN HANDS HOTEL=Jl. Bandengan Selatan No. 43
SYDNEY 2000=Jl. Hayam Wuruk Komp Glodok Jaya Lt. 8
POP ! HOTEL=Jl. Prof. DR. Soepomo SH No. 29
SAVVOYA MENTENG HOTEL=Menteng Square Tower C Jl. Matraman Raya No. 3 
HOTEL AGRAHA JAKARTA=Jl. Bandengan Selatan No. 20 RT. 0011/05
HOTEL  N1=Jl. KS. Tubun No. 3 RT.002/01
PRIMA INDAH II=Jl. Mangga Besar Raya No. 144
CLAY HOTEL=Jl. Blora No. 20 RT. 002/06
MARCOPOLO=Jl. Teuku Cik Ditiro No. 19
BUSINESS HOTEL=Jl. Kota Bumi No. 1
BUSINESS HOTEL=Jl. Setiabudi Timur Blok B Persil No. 17 RT. 09/03
PATRA JASA JAKARTA HOTEL=Jl. Jend.  Ahmad Yani No. 2 RT. 003/04
ARTOTEL JAKARTA - THAMRIN=Jl. Sunda No. 3
HOTEL GRAND CITY=Jl. Pal Putih No. 197 A
IBIS KEMAYORAN=Jl. Bungur Besar Raya No. 79-81
HOTEL N3=Jl. KH. Zainul Arifin No. 57 RT. 001/03
CITY ICON RESIDENCE=Jl. Mangga Besar Raya No. 98
BALAIRUNG=Jl. Matraman Raya No. 19 RT. 02/001
AMBHARA=Jl. Iskandarsyah II No. 1
HOLIDAY INN EXPRESS=Jl. Tanjung Karang No. 1 RT. 010/020
HOTEL ASTON=Jl. Raya Kamal Outering Road Blok C-01 No. 18
DOUBLE TREE BY HILTON=Jl. Pegangsaan Timur No. 17
COIN'S=Jl. Sunter Agung Utara Raya Blok A No. 5 B
THE RITZ CARLTON=Jl. DR. Ide Agung Gde Agung Kav. E No. 1
JW. MARRIOTT HOTEL=Jl. DR. Ide Anak Agung Gde Agung Kav. E 1,2 No.
HOTEL SANTIKA PREMIERE JAKARTA=Jl. Aipda KS. Tubun No. 7
PRIME BIZ HOTEL @GROGOL, JAKARTA=Jl. Daan Mogot No. 52
MEGA MATRA=Jl. Matraman Raya No. 115
POP! HOTEL KEMANG=Jl. Kemang Raya No. 3
LUMINOR TENDEAN 88=Jl. Kapten Tendean No. 10
IBIS=Jl. Letjen. MT. Haryono No. 9
MERCURE JAKARTA KOTA=Jl. Hayam Wuruk No. 123
PECENONGAN CITY=Jl. Ceylon No. 19
IBIS BUDGET=Jl. HOS Cokroaminoto No. 79
SANTIKA TAMAN MINI INDONESIA INDAH=Jl. Pintu Masuk I TMII Indonesia Indah
ANGKASA=Jl. Sultan Hamengkubuwono IX KM. 25 RT. 001/00
BEST WESTERN PREMIERE THE HIVE=Jl. DI. Panjaitan Kav. 3-4
PURI MEGA=Jl. Rawamangun No. 59
THE GROVE SUITES BY GRAND ASTON=Komp. Rasuna Epicentrum Jl. HR. Rasuna Said
HOTEL FAVE=Jl.Kembangan Abadi Utama/Jl.Kembangan Abadi
MORRISSEY=Jl. KH. Wahid Hasyim No. 70
C' ONE HOTEL & PLAZA=Jl. Letjend Suprapto No. 62
EMPORIUM BOUTIQUE HOTEL=Jl. Pecenongan No. 29
TUGU ASRI=Jl. Jatibaru No. 7-9
ALL SEASONS=Jl. KH. Zainul Arifin No. 5 & 7 RT.002/001
PONDOK PUTRI DUYUNG=Jl. Lodan Timur No. 7
SANNO JAKARTA AIRPORT HOTEL=Jl. Pluit Raya Selatan No. 2
SHANGRI-LA=Jl. Jend. Sudirman Kav. I Karet Tengsin
BLUE SKY SMART HOTEL=Jl. AIPDA KS. Tubun No. 19 RT. 005/006
MIRAH=Jl. Gunung Sahari XII/18
NEO MELAWAI=Jl. Panglima Polim Raya No. 15
HOTEL KING CROSS=Jl. Boulevard Bukit Gading Raya Kokan Blok E
MILLE'S=Lokasari Plaza Lt. 4 Jl. Mangga Besar Raya No. 81
HOTEL GRAND TJOKRO=Jl. Daan Mogot No. 63
THE FALATEHAN HOTEL=Jl. Falatehan Raya No. 26
FORTUNE=Plaza 3 Pondok Indah Blok F No.1-4 Jl.TB.Simatu
B FASHION HOTEL=Jl. Aranda No. 1
IBIS STYLE HOTEL MANGGA DUA SQUARE-=Mangga Dua Square 2nd Floor, P2 Jl. Gunung Sah
M. STAR=Jl. Gunung Sahari Raya No. 2
IBIS=Cawang Commercial Estate Jl. Letjend MT. Haryon
THE MEDIA HOTEL & TOWERS =Jl. Gunung Sahari Raya No. 3  
SANTIKA KELAPA GADING= Jl. Raya Kelapa Nias Blok. HF 3 Sport Mall  
GRAN MAHAKAM=Jl. Mahakam I No. 6 RT. 001/07  
FAVE HOTEL LTC GLODOK=Gd. LTC Glodok Jl. Hayam Wuruk No. 127   
RAFFLES= Ciputra World 1 Jl. Prof. Dr. Satrio Kav. 3-5  
PENINSULA HOTEL=Jl. Mangga Besar Raya No. 60 P 
WIJAYA GANGNAM=Komp. Wijaya Graha Puri Blok F No. 20 Jl. Wijaya 
CLASSIC=Jl. H. Samanhudi No. 43-45 
PULAU AYER=Pulau Air Besar 
FM.1 BOUTIQUE=Jl. Let. Jend S. Parman Raya Kav. 8
MERCURE HOTEL=Jl. RA. Kartini/Jl. TB. Simatupang
TRAVEL=Jl. Mangga Besar VIII No. 21
ORCHARDZ P. JAYAKARTA=Jl. P. Jayakarta Blok 44/7-8
OTEL SENTRAL=Jl. Pramuka Raya Kav. 63-64
O R C H A R D Z=Jl. Industri Raya No. 8
HOTEL PULLMAN JAKARTA CENTRAL PARK=Podomoro City Jl. Letjen S. Parman Kav. 28
MTR 2=Jl. Boulevard Bukit Gading Raya 18
ALL SEASONS THAMRIN HOTEL=Jl. Talang Betutu No. 02 / Jl. Tanjung Karang No. 0
FORTUNE=Jl. KH. Mas Mansyur No. 13
JAYAKARTA HOTEL=Jl. Hayam Wuruk No. 126
COMFORT=Jl. Latumenten No. 50
NOVOTEL MANGGA DUA SQUARE=Jl. Gunung Sahari Raya No. 1
MEGA=Jl. Proklamasi No. 40
GOLDEN BOUTIQUE=Jl. Angkasa No. 1 Gunung Sahari Utara
MEGA CIKINI=Jl. Cikini Raya No. 62-64
DISCOVERY HOTEL & CONVENTION ANCOL=Jl. Lodan Timur Raya No. 07
CIPTA II=Jl. Mampang Prapatan No. 1 A
HOTEL MILLENNIUM SIRIH JAKARTA=Jl. H. Fachrudin No. 3
GRAND MELIA JAKARTA=Jl. HR. Rasuna Said Kav. X-O No. 1-4
LUMIRE HOTEL=Jl. Senen  Raya 135
MAHARANI=Jl. Warung Buncit Raya No. 8
MAHARADJA=Jl. Kap. Pierre Tendean No. 1 RT. 005/001
ILLIGAL'S=Jl. Hayam Wuruk No. 108
VERANDA=Jl. Kyai Maja No. 63
TEMATIK HOTEL=Jl. Raya Jembatan Tiga No. 35
KOSENDA=Jl. KH. Wahid Hasyim No. 127
SWISS-BEL HOTEL MANGGA BESAR=Jl. Kartini Raya No. 57 RT. 003/002
LE GRANDEUR=Jl. Mangga Dua Raya
KRISTAL (LE-CRISTAL)=Jl. Raya Tarogong Kav. 17
SAHATI HOTEL=Jl. Taman Margasatwa No. 45
HOTEL ARYADUTA SEMANGGI=Jl. Garnisun dalam No. 8
IBIS TAMARIN=Jl. KH. Wahid Hasyim No. 77
PARDEDE INTERNATIONAL=Jl. Raden Saleh I No. 9-11
ARION SWISS-BELHOTEL KEMANG=Jl. Kemang Raya No. 7
THE AKMANI SUITE HOTEL=Jl. KH. Wahid Hasyim No. 91
GRAND CEMPAKA=Jl. Letjen Suprapto No. 27
ASTON PRIORITY SIMATUPANG=Jl. TB. Simatupang Kav. 9
IBIS MANGGA DUA=Jl. Pangerang Jayakarta/Jl. Gatep RT.003/06
FASHION=Jl. Gunung Sahari XII No.2
MERLYNN PARK HOTEL=Jl. KH. Hasyim Ashari No. 29-31
PARK HOTEL=Jl. D.I Panjaitan Kav. 5-7
FORTUNE=Jl. Wijaya II Komp Graha Puri Blok F.21
COMFORT=Plaza Kelapa Gading Blok B-86-95 Jl. Raya Boulev
CIPUTRA=Jl. Letjend S. Parman
IBIS BUDGET=Jl. Cikini Raya No. 75
CONDOTEL GOLDEN SKY=Jl. Taman Pluit Kencana No. 48
CIPTA HOTEL PANCORAN=Jl. Raya Pasar Minggu No. 19
TWIN PLAZA=Jl. Letjen S. Parman Kav. 93-94
SUMO=Jl. Boulevard Barat No. 1
SURYA BARU=Jl. Batu Ceper No. 11 A
MALIOBORO=Jl. Gajah Mada No. 13/H
GRAND ASIA=Jl. Bandengan Selatan No. 88
SPARKS HOTEL JAKARTA=Jl. Mangga Besar Raya No. 44
MULIA SENAYAN=Jl. Asia Afrika No. 1
IBIS KEMANG=Jl. Bangka Raya RT. 002/07
1001 ENTERTAINMENT CLUB=Jl. Kunir No. 7
NOVOTEL GAJAH MADA=Jl. Gajah Mada No. 188
BINTANG GRIYAWISATA=Jl. Raden Saleh No. 16 RT. 01/010
T-HOTEL=Jl. Ciputat Raya No. 11 RT.009/008
SURYA=Jl. Batu Ceper 44-46
KAISAR=Jl. PLN. Duren Tiga No. 1
GRAND MERCURE=Jl. Hayam Wuruk No. 36-37
HOTEL FAVE=Jl. Gading Indah Raya No. 8 Blok C/32
ROYAL KUNINGAN HOTEL=Jl. Kuningan Persada Kav. 2
REDTOP=Jl. Pecenongan No. 72
HOTEL 88=Jl. Dr. Susilo Raya C-1 Perum 
POP ! HOTEL KELAPA GADING=Jl. Kelapa Gading Boulevard / Jl. Raya Mandiri Uta  
BOROBUDUR JAKARTA=Jl. Lapangan Banteng Selatan No. 1
GRAND KEMANG HOTEL=Jl. Kemang Raya No. 2H RT. 014/01
KAWANUA AEROTEL=Jl. Cempaka Putih Timur XXIV No. 10
FAIRMONT JAKARTA=Jl. Asia Afrika No. 8
MENTENG I=Jl. Rp. Soeroso No. 28
FAVE HOTEL PGC=Jl. Mayjen Sutoyo No. 76 / Jl. Dewi Sartika RT. 001
HOTEL AMOS COZY=Jl. Melawai Raya No. 84-85
MEGAH INTERNASIONAL=Jl. Bungur Besar Raya No. 31
MANDARIN ORIENTAL JAKARTA=Jl. MH. Thamrin RT. 001/02
BEST WESTERN HOTEL & RESIDENCE=Jl. Mangga Dua Abdad 111
SRIWIJAYA HOTEL=Jl. Veteran No. 1
GRAND WHIZ=Jl. Bukit Gading Raya Kav. I
SUN CITY=Jl. Hayam Wuruk No. 127
HOTEL PURI JAYA=Jl. Percetakan Negara V/5
HOLIDAY INN EXPRESS JIEXPO=Jl. Kawasan PRJ Kemayoran
HOTEL FAVE=Jl. KH. Samanhudi No. 26 RT. 005/003
BUNGA-BUNGA=Jl. Antara No. 13
BANYUWANGI SINTERA=Jl. H. Samanhudi 32 B-34
HOLIDAY INN JAKARTA KEMAYORAN=Kompleks Rukan Puri Mutiara Blok D No. 107-108
NEW TOWN=Komplek THR Lokasari B/1-18
DIRADJA HOTEL=Jl. Kapten P. Tendean No. 38 Rt. 003/005
HARRIS=Jl. DR. Sahardjo No. 191
BUMI KARSA=Jl. Jend. Gatot Subroto 71-73
ROYAL REGAL=Jl. Mangga Besar Raya VIII No. 27
ROYAL=Jl. Ir. H. Juanda No. 14
PRIMA INDAH=Jl. Gunung Sahari Raya No. 19/21
MANHATTAN HOTEL=Jl. Prof. DR. Satrio - Casablanca Kuningan
MAX ONE HOTELS.COM @ Sabang=Jl. KH. Agus Salim No. 24
DANAU SUNTER=Jl. Danau Permai Raya Blok C.1
CROWNE PLAZA JAKARTA=Jl. Jend. Gatot Subroto Kav. 2&3
WHIZ HOTEL=Jl. Cikini Raya No. 6
C' ONE HOTEL CEMPAKA PUTIH=Jl. Letjen Suprapto
WHIZ=Ruko INKOPAL Jl. Boulevard Barat B/18
BETAWI SOFYAN=Jl. Cut Mutiah No. 9
TRINITI JAKARTA=Jl. Pembangunan III/4-6
PITAGIRI=Jl. Palmerah Barat No. 110
TEBET SOFYAN=Jl. Prof. DR. Soepomo, SH No. 23
FAVE HOTEL=Jl. Kemang I No. 6 RT. 011/011
GRAND HYATT JAKARTA=Jl. MH. Thamrin Kav. 28-30 RT.001/002
D' HOTEL=Jl. Sultan Agung No. 09 RT.004/001
THE ACACIA JAKARTA=Jl. Kramat Raya No. 73-81
LE MERIDIEN JAKARTA=Jl. Jend. Sudirman Kav. 18 - 20
DE RIVIER=Jl. Kalibesar Barat 44-46
HOTEL SARE=Jl. Sultan Hasanuddin No. 46 RT. 003/01
HOTEL TYLER=Jl. KH. Wahid Hasyim No. 70
BEST WESTERN GRAND PALACE KEMAYORAN HOTEL=Jl. Benyamin Sueb A.5
MERCURE CONVENTION CENTER ANCOL JAKARTA=Jl. Pantai Indah Komp. TIJA
TREVA INTERNATIONAL=Jl. Menteng Raya No. 33
THE MANSION=Kawasan Mega Kuningan Jl. Mega Kuningan Timu
GRAND PARAGON=Jl. Gajah Mada No. 126
GOLDEN BOUTIQUE MELAWAI=Jl. Melawai VIII No. 6-8
HOTEL GRIYA ADAMAR=Jl. TB. Simatupang RT. 011/004
SAVVOYA MENTENG HOTEL=Menteng Square Tower C Jl. Matraman Raya No. 3 
MARCOPOLO=Jl. Teuku Cik Ditiro No. 19
PATRA JASA JAKARTA HOTEL=Jl. Jend.  Ahmad Yani No. 2 RT. 003/04
HOTEL GRAND CITY=Jl. Pal Putih No. 197 A
IBIS KEMAYORAN=Jl. Bungur Besar Raya No. 79-81
SANTIKA TAMAN MINI INDONESIA INDAH=Jl. Pintu Masuk I TMII Indonesia Indah
EMPORIUM BOUTIQUE HOTEL=Jl. Pecenongan No. 29
PONDOK PUTRI DUYUNG=Jl. Lodan Timur No. 7
SANNO JAKARTA AIRPORT HOTEL=Jl. Pluit Raya Selatan No. 2
FM.1 BOUTIQUE=Jl. Let. Jend S. Parman Raya Kav. 8
O R C H A R D Z=Jl. Industri Raya No. 8
ORCHARDZ P. JAYAKARTA=Jl. P. Jayakarta Blok 44/7-8
HOTEL SENTRAL=Jl. Pramuka Raya Kav. 63-64
CIPTA II=Jl. Mampang Prapatan No. 1 A
IBIS TAMARIN=Jl. KH. Wahid Hasyim No. 77
PARDEDE INTERNATIONAL=Jl. Raden Saleh I No. 9-11
IBIS MANGGA DUA=Jl. Pangerang Jayakarta/Jl. Gatep RT.003/06
AMBHARA=Jl. Iskandarsyah II No. 1
HOTEL SANTIKA PREMIERE JAKARTA=Jl. Aipda KS. Tubun No. 7
MERCURE JAKARTA KOTA=Jl. Hayam Wuruk No. 123
BEST WESTERN PREMIERE THE HIVE=Jl. DI. Panjaitan Kav. 3-4
PULAU AYER=Pulau Air Besar
CLASSIC=Jl. H. Samanhudi No. 43-45
MERCURE HOTEL=Jl. RA. Kartini/Jl. TB. Simatupang
JAYAKARTA HOTEL=Jl. Hayam Wuruk No. 126
GOLDEN BOUTIQUE=Jl. Angkasa No. 1 Gunung Sahari Utara
DISCOVERY HOTEL & CONVENTION ANCOL=Jl. Lodan Timur Raya No. 07
HOTEL MILLENNIUM SIRIH JAKARTA=Jl. H. Fachrudin No. 3
LUMIRE HOTEL=Jl. Senen  Raya 135
LE GRANDEUR=Jl. Mangga Dua Raya
GRAND CEMPAKA=Jl. Letjen Suprapto No. 27
CIPUTRA=Jl. Letjend S. Parman
TWIN PLAZA=Jl. Letjen S. Parman Kav. 93-94
GRAND MERCURE=Jl. Hayam Wuruk No. 36-37
REDTOP=Jl. Pecenongan No. 72
HOTEL AMOS COZY=Jl. Melawai Raya No. 84-85
GRAND WHIZ=Jl. Bukit Gading Raya Kav. I
BEST WESTERN HOTEL & RESIDENCE=Jl. Mangga Dua Abdad 111
BUMI KARSA=Jl. Jend. Gatot Subroto 71-73
DANAU SUNTER=Jl. Danau Permai Raya Blok C.1
THE ACACIA JAKARTA=Jl. Kramat Raya No. 73-81
DE RIVIER=Jl. Kalibesar Barat 44-46
MERCURE CONVENTION CENTER ANCOL JAKARTA=Jl. Pantai Indah Komp. TIJA
ATLET CENTURY PARK=Jl. Pintu Satu  Senayan
HOTEL SARI PAN PACIFIC=Jl. MH. Thamrin No. 6
ALILA=Jl. Pecenongan Kav. 7-17
HOTEL 88=Jl. Kapten Tendean No. 10 RT. 002/001
TRAVELLERS HOTEL JAKARTA=Jl. Pangeran Jayakarta No. 70
INTERCONTINENTAL MID PLAZA JAKARTA=Jl. Kebembem RT. 015/06
HOLIDAY INN EXPRESS CIKINI=Jl. Cikini Raya No. 66
SHERATON JAKARTA GANDARIA CITY HOTEL=Mall Gandaria City, Jl. Sultan Iskandar Muda
KARTIKA CHANDRA=Jl. Jend. Gatot Subroto Kav. 17-20
HOTEL SANTIKA PREMIERE HAYAM WURUK=Jl. Hayam Wuruk No. 122 RT.004/RW.006
SWISS BEL-INN SIMATUPANG JAKARTA=Jl. RA. Kartini No. 32 RT.007/RW.07
THE DHARMAWANGSA=Jl. Brawidjaya Raya No. 39
DOUBLE TREE BY HILTON=Jl. Pegangsaan Timur No. 17
THE RITZ CARLTON=Jl. DR. Ide Agung Gde Agung Kav. E No. 1
JW. MARRIOTT HOTEL=Jl. DR. Ide Anak Agung Gde Agung Kav. E 1,2 No.
SHANGRI-LA=Jl. Jend. Sudirman Kav. I Karet Tengsin
THE MEDIA HOTEL & TOWERS=Jl. Gunung Sahari Raya No. 3
GRAN MAHAKAM=Jl. Mahakam I No. 6 RT. 001/07
HOTEL PULLMAN JAKARTA CENTRAL PARK=Podomoro City Jl. Letjen S. Parman Kav. 28
NOVOTEL MANGGA DUA SQUARE=Jl. Gunung Sahari Raya No. 1
GRAND MELIA JAKARTA=Jl. HR. Rasuna Said Kav. X-O No. 1-4
HOTEL ARYADUTA SEMANGGI=Jl. Garnisun dalam No. 8
MERLYNN PARK HOTEL=Jl. KH. Hasyim Ashari No. 29-31
MULIA SENAYAN=Jl. Asia Afrika No. 1
BOROBUDUR JAKARTA=Jl. Lapangan Banteng Selatan No. 1
FAIRMONT JAKARTA=Jl. Asia Afrika No. 8
MANDARIN ORIENTAL JAKARTA=Jl. MH. Thamrin RT. 001/02
MANHATTAN HOTEL=Jl. Prof. DR. Satrio - Casablanca Kuningan
CROWNE PLAZA JAKARTA=Jl. Jend. Gatot Subroto Kav. 2&3
GRAND HYATT JAKARTA=Jl. MH. Thamrin Kav. 28-30 RT.001/002
LE MERIDIEN JAKARTA=Jl. Jend. Sudirman Kav. 18 - 20
JS LUWANSA HOTEL=Gd. PP H. Usmar Ismail Jl. HR. Rasuna Said Kav.
HOTEL ARYADUTA JAKARTA=Jl. Prapatan 44-48
PULLMAN JAKARTA INDONESIA=Jl. MH. Thamrin No. 59
THE SULTAN HOTEL=Jl. Jend. Gatot Subroto
HOTEL GRAND MERCURE KEMAYORAN=Jl. H. Benyamin Suev Kav. B6 Kota Baru Bandar K
THE PARK LANE JAKARTA=Jl. Casablanca Kav. 18
TUGU BATAVIA=Jl. Kali Besar Barat No. 26,28,29,30,31,32,33
RYO HOTEL=Jl. Gereja Ayam No. 14
ZODIAK GEMINI MT. HARYONO=Jl. Otista Raya No. 60 RT. 004/012
F HOTEL=Jl. Panglima Polim No. 101 RT. 001/005
OAKTREE HOTEL=Jl. Sampit V No. 03
GRIYA TAMAN PURING=Jl. Gandaria Tengah I No. 24
RYOKAN=Jl. Pangeran Antasari RT. 05/09 No. 33
HOTEL LUMINOR 88=Jl. Pecenongan No. 33, 35, 37 D, 37 EF
WISMA GKM=Jl. Kapten Tendean No. 9 RT. 005/003
PERMATA=Jl. Sukarjo Wiryopranoto No. 5
MANIKAM HOTEL=Jl. Bendungan Hilir Raya No. 76
MARGOT=Jl. Jaksa No.15/C
EXPRESS INN=Jl. Pinangsia Timur No. 68
HOTEL MOVEN FATMAWATI=Jl. RS. Fatmawati No. 2 Rt/Rw 004/05
W I N=Jl. Panglima Polim No. 99
LAUTZE INDAH=Jl. Lautze No. 24
ASRI=Jl. Ciputat Raya No. 1
AMARIS=Jl. Prof. Dr. Soepomo SH No. 33 RT. 012/003
CEMPAKA SARI=Jl. Letjen Suprapto No. 11
HARAPAN JAYA=Jl. Kramat Pulo Dlm No. 1/B .77
BUSINESS HOTEL=Jl. Tomang Raya No. 51
PONDOK WISATA INDAH=Jl. Kemang Selatan VIII/C.3
SEHAT=Jl. Mangga Besar Raya No. 117
WISMA PERMAI=Jl. Lautze No. 50 A
FAREL=Jl. Gunung Sahari II No.1
PERMATA INDAH=Jl. Taman Permata Indah II Kamp.Gusti
CEMPAKA JAYA COTTAGE=Jl. Raya Pelumpang No. 6
678 JAYA SENTOSA=Jl. DI Panjaitan Lingkar Cawang No. 1B
LOSARI=Jl. KH. Hasyim Ashari No. 4141A
AMARIS=Jl. Raya Pasar Minggu No. 15 A
AMARIS=Jl. Gunung Sahari Raya No. 1
AMARIS=Jl. Mangga Besar Raya No. 7911
FOKUS=Jl. Kebon Kacang I No. 9
NEW IDOLA=Jl. Pramuka Raya No. 26
FAVE HOTEL=Jl. Melawai IV No. 3,5.7,9 & 11
AMARIS=Jl. TB. Simatupang RT/RW 001/002
GADING INDAH=Jl. Pegangsaan Dua No. 10
PURI MEGA EXTENTION=Jl. Percetakan Negara VII No. 11
AMARIS=Gd. Thamrin City Lt. 6 & 6A Blok HT No. 01  Jl. K
CALIFORNIA=Jl. Mangga Besar Raya No. 100 BC RT. 002/010
ILHAM=Jl. Kalibaru Timur IV/39
LABU INDAH=Jl. Labu No. 4951  Mabes Barat
MENARA PONDOK INDAH=Jl. Metro Pondok Indah Sektor  II Blok. SA
ALAMANDA=Jl. Aipda KS. Tubun No. 47
d' ARCICI HOTEL=Jl. Sunter Permai Raya No. 1 A
HOTEL ATT=Jl. T. Bagus Angke, Kp. Gusti No. 1
TEBET RAYA=Jl. Tebet Raya No. 23
RADEN=Jl. Raden Saleh No. 24
CIPTA=Jl. KH. Wahid Hasyim No. 53
AMARIS HOTEL GROGOL=Jl. Dr. Susilo Raya No. 4 RT. 001/03
LYNT HOTEL=Jl. Cideng Timur No. 35 RT.06/06
TUNE HOTELS=Jl. Samanhudi No. 25
PHARMIN=Jl. Jatibaru No. 35
AMARIS=Jl. Kramat Raya No. 35
RAJA RESIDENCE=Jl. Raya Kebayoran Lama No. 12 C
JEMBATAN LIMA=Jl. Jembatan Lima No. 162
HARCO MANGGA DUA PLAZA=Jl. Mangga Dua Raya No. 2223
HOTEL ZURI EXPRESS MANGGA DUA=Jl. Mangga Dua Dalam No. 5556
ANTARA=Jl. Antara No. 39 RT. 007/01
HOTEL 23=Jl. Kapuk Raya No. 23
HOTEL MENTENG=Jl. Gondangdia Enclek No. 28
FOFIC SUITE HOTEL=Jl. Tongkol No. 23
CAPITOL=Jl. Toko Tiga Seberang 27
AMARIS=Jl. Prof. Dr. Satrio Blok C.4 Kav. 11
ISTANA BUNGUR=Jl. Bungur Besar  XII No. 2
TCL 1=Jl. Terusan Bandengan Utara 89.L
TCL 2=Jl. Terusan Bandengan Utara 91.C
PENTHOUSE=Jl. Mangga Besar IV No. 23
OZONE HOTEL=Jl. Pantai Indah Utara III PIK
HOTEL 88=Jl. Mangga Besar Raya No. 120
MUSTIKA=Jl. Kemurnian VI No. 194
THE BnB HOTEL=Gedung Graha Auto Center Jl. Boulevard Bukit G
KEBON KOSONG=Jl. Kebon Kosong Raya No. 8
FORTUNA=Jl. Pancoran No. 42
BUDI=Jl. Kebon Kosong XII No. 152
HOTEL KEPU SELATAN=Jl. Kepu Selatan No. 17 RT. 003/03
UTAN PANJANG KEMAYORAN=Jl. Kalibaru Timur VI No. 22 RT. 002/008
PERMATA INDAH.2=Taman Permata Indah 2 Jl. Kampung Gusti Blok
BUNGUR SERASI=Jl. Kalibaru Timur VI No. 72
JATI=Jl. Jati Baru  No. 13
D'PRIMAHOTEL=Jl. Gunung Sahari Raya Blok. A No. 1,2,3,26 & 27
BI. EXECUTIVE HOTEL=Jl. RE. Martadinata No. 2
AMARIS=Seasons City Lt. 23 Pusat Bisnis Jl. Latumenten
FORTUNA II=Jl. Pintu Besar Selatan No. 69
PANCORAN JAYA=Jl. Pancoran Raya No. 38
WORLD=Jl. Bandengan Selatan No. 14 RT. 008/005
HOTEL BALISTA=Jl. Pintu Air V No. 49
HOTEL TCL=Jl. Teluk Gong No. 41
TRANS MANGGA DUA=Jl. Mangga Dua Raya No.22
KAFILA=Jl. Sukarjo Wiryopranoto 45 AB
WISMA TANJUNG DUREN RESIDENCE=Jl. Tanjung Duren Utara III F No. 48
NEW  MG=Jl. Mangga Besar Raya No. 38 AS
CIPONDO=Jl. Kramat Jaya No. 911
AMARIS=Jl. IR. H. Juanda No. 3
SHALOM=Jl. Kramat Pulo No. 18/A
PERMAI=Jl. Mangga Besar Raya No. 24
G7 HOTEL=Jl. KH. Samanhudi No. 47
PURI KWITANG=Jl. Kramat Kwitang 1 No. 11 A
ZULIA CIPULIR=Jl. H.  Syatirih RT.002 Ulujami
ARUNI=Jl. RE. Martadinata No. 10
HOTEL FAVE=Jl. KH. Wahid Hasyim No. 135
HOTEL CABIN=Jl. Yos Sudarso Kav. 8788
TAMANSARI=Jl. Tamansari VI No. 14 B RT. 009/07
PINANGSIA=Jl. Pinangsia I No. 55
MY HOTEL=Jl. Hayam Wuruk No. 127 A
7 DAYS HOTEL=Jl. Gajah Mada 196/Jl. Kemurnian IV
AMARIS=Jl. Panglima Polim Raya No. 101 Blok N/III RT. 0
AMARIS=Jl. Panglima Polim Raya No. 4
BIG HOTEL=Jl. Kartini Raya 64 No. 2
HOTEL 88=Jl. Mangga Besar No. 62
HOTEL 88=Jl. Mangga Besar VIII RT. 008/01 No. 10 D
NEW MANGGA BESAR=Jl. Mangga Besar Raya No. 68 BC
FEODORA HOTEL=Jl. Dr. Susilo Raya No. 113 .A,B,C (C8) RT.001/0
BELVENA=Jl. Mangga Besar Raya V No. 49
HOTEL FEODORA=Jl. Mangga Besar IV No. 18
ROXY ROYAL=Jl. Supiori No. 33A, 55A5B
HOTEL GANI=Jl. KS. Tubun Raya no.9
SMART HOTEL=Jl. Tanjung Karang No. 2
AGUSTA CENGKARENG=Jl. Kamal Raya Ling.Luar Barat No. 1
AMARIS LA CODEFIN KEMANG=Jl. Kemang Raya No. 8
CITI M. HOTEL=Jl. Tanah Abang I No 11 Petojo
BAMBOO INN=Jl. H. Saaman No. 9
DELDHIA=Jl. Raden Inten No. 175 A
RAKACIA HOTEL=Jl. Pemuda No. 10
LOSARI BLOK. M=Jl. Panglima Polim Raya No. 3 E
SURABAYA PERMAI=Jl. Perniagaan Selatan No. 46
AMARIS=Jl. Pasar Baru Timur No. 2021 RT. 004/03
MAX ONE HOTEL=Jl. Pasar Glodok Selatan No. 810 RT.002/001
ROYAL CITY HOTEL=Jl. Petojo VI Y II No. 4 RT. 002/06
V HOTEL=Jl. Prof Dr. Soepomo, SH No. 100 RT.001/006
DARIZA JAYA=Jl. Perintis Kemerdekaan No. 42
TIGA NUR=Jl. Kramat Pulo Dalam II/F15 No. 5
PERINSEN=Jl. Mangga Besar Raya No. 103105 Belakang
NEO HOTEL=Jl. Cideng Timur No. 58
SEMARANG=Jl. Kramat Pulo No. 9 RT. 008/02
PURRI MELATI=Jl. Tiang bendera No. 67
HOLLYWOOD=Jl. Kebon Jeruk XVIII No. 63 RT. 002/09
7 DAYS HOTEL=Jl. Mangga Besar Raya No. 67 CD RT. 003/02
CHITRA=Jl. Toko Tiga Seberang 23
NALENDRA=Jl. Cipinang Besar Selatan No. 70
PURI INN=Jl. Raden Saleh 39 D
GARUDA=Jl. Letjen Suprapto No. 88
HOTEL SOTIS=Jl. Falatehan I No. 2122
M. HOTEL=Jl. Melawai VI No. 27 Blok M/3 Persil No. 32
EVERYDAY=Jl. Mangga Besar Raya No. 20
THE DHARMEIN=Jl. Sultan Hasanuddin No. 20 Blok M
ILHAM DUA=Jl. Kemayoran Ketapang No. 90
RED STAR HOTEL JAKARTA=Jl. Mangga Besar VIII No. 12 X,W,V,Y RT. 008/00
KARSA UTAMA=Jl. Kebon Kacang IV No. 12
BLUE SKY PANDURATA BOUTIQUE HOTEL=Jl. Raden Saleh No. 12
OAKTREE HOTEL=Jl. Kebon Kacang XI No. 131 A
NEO HOTEL TENDEAN=Jl. Woltermonginsidi No. 131
THE PLAZA HOTEL GLODOK=Jl. Pinangsia Raya RT.006/07 Lt. 3
HOTEL 678=Jl. Kemang Selatan No. 125 A RT.001 / RW. 003
HOTEL LUMINOR 88=Jl. Pecenongan No. 33, 35, 37 D, 37 EF
PERMATA=Jl. Sukarjo Wiryopranoto No. 5
MANIKAM HOTEL=Jl. Bendungan Hilir Raya No. 76
MARGOT=Jl. Jaksa No.15/C
EXPRESS INN=Jl. Pinangsia Timur No. 68
W I N=Jl. Panglima Polim No. 99
LAUTZE INDAH=Jl. Lautze No. 24
ASRI=Jl. Ciputat Raya No. 1
AMARIS=Jl. Prof. Dr. Soepomo SH No. 33 RT. 012/003
CEMPAKA SARI=Jl. Letjen Suprapto No. 11
HARAPAN JAYA=Jl. Kramat Pulo Dlm No. 1/B .77
SEHAT=Jl. Mangga Besar Raya No. 117
WISMA PERMAI=Jl. Lautze No. 50 A
PONDOK WISATA INDAH=Jl. Kemang Selatan VIII/C.3
FAREL=Jl. Gunung Sahari II No.1
CEMPAKA JAYA COTTAGE=Jl. Raya Pelumpang No. 6
PERMATA INDAH=Jl. Taman Permata Indah II Kamp.Gusti
678 JAYA SENTOSA=Jl. DI Panjaitan Lingkar Cawang No. 1B
LOSARI=Jl. KH. Hasyim Ashari No. 4141A
AMARIS=Jl. Raya Pasar Minggu No. 15 A
AMARIS=Jl. Gunung Sahari Raya No. 1
FOKUS=Jl. Kebon Kacang I No. 9
AMARIS=Jl. Mangga Besar Raya No. 7911
FAVE HOTEL=Jl. Melawai IV No. 3,5.7,9 & 11
PURI MEGA EXTENTION=Jl. Percetakan Negara VII No. 11
AMARIS=Gd. Thamrin City Lt. 6 & 6A Blok HT No. 01  Jl. Ke
LABU INDAH=Jl. Labu No. 4951  Mabes Barat
MENARA PONDOK INDAH=Jl. Metro Pondok Indah Sektor  II Blok. SA
ALAMANDA=Jl. Aipda KS. Tubun No. 47
d' ARCICI HOTEL=Jl. Sunter Permai Raya No. 1 A
HOTEL ATT=Jl. T. Bagus Angke, Kp. Gusti No. 1
CIPTA=Jl. KH. Wahid Hasyim No. 53
RADEN=Jl. Raden Saleh No. 24
TEBET RAYA=Jl. Tebet Raya No. 23
LYNT HOTEL=Jl. Cideng Timur No. 35 RT.06/06
TUNE HOTELS=Jl. Samanhudi No. 25
PHARMIN=Jl. Jatibaru No. 35
AMARIS=Jl. Kramat Raya No. 35
RAJA RESIDENCE=Jl. Raya Kebayoran Lama No. 12 C
JEMBATAN LIMA=Jl. Jembatan Lima No. 162
HARCO MANGGA DUA PLAZA=Jl. Mangga Dua Raya No. 2223
HOTEL ZURI EXPRESS MANGGA DUA=Jl. Mangga Dua Dalam No. 5556
ANTARA=Jl. Antara No. 39 RT. 007/01
HOTEL 23=Jl. Kapuk Raya No. 23
HOTEL MENTENG=Jl. Gondangdia Enclek No. 28
CAPITOL=Jl. Toko Tiga Seberang 27
AMARIS=Jl. Prof. Dr. Satrio Blok C.4 Kav. 11
ISTANA BUNGUR=Jl. Bungur Besar  XII No. 2
PENTHOUSE=Jl. Mangga Besar IV No. 23
TCL 1=Jl. Terusan Bandengan Utara 89.L
OZONE HOTEL=Jl. Pantai Indah Utara III PIK
MUSTIKA=Jl. Kemurnian VI No. 194
KEBON KOSONG=Jl. Kebon Kosong Raya No. 8
HOTEL KEPU SELATAN=Jl. Kepu Selatan No. 17 RT. 003/03
BUDI=Jl. Kebon Kosong XII No. 152
PERMATA INDAH.2=Taman Permata Indah 2 Jl. Kampung Gusti Blok L
UTAN PANJANG KEMAYORAN=Jl. Kalibaru Timur VI No. 22 RT. 002/008
BUNGUR SERASI=Jl. Kalibaru Timur VI No. 72
JATI=Jl. Jati Baru  No. 13
D'PRIMAHOTEL=Jl. Gunung Sahari Raya Blok. A No. 1,2,3,26 & 27
BI. EXECUTIVE HOTEL=Jl. RE. Martadinata No. 2
FORTUNA II=Jl. Pintu Besar Selatan No. 69
PANCORAN JAYA=Jl. Pancoran Raya No. 38
WORLD=Jl. Bandengan Selatan No. 14 RT. 008/005
HOTEL TCL=Jl. Teluk Gong No. 41
TRANS MANGGA DUA=Jl. Mangga Dua Raya No.22
KAFILA=Jl. Sukarjo Wiryopranoto 45 AB
WISMA TANJUNG DUREN RESIDENCE=Jl. Tanjung Duren Utara III F No. 48
NEW  MG=Jl. Mangga Besar Raya No. 38 AS
CIPONDO=Jl. Kramat Jaya No. 911
AMARIS=Jl. IR. H. Juanda No. 3
PERMAI=Jl. Mangga Besar Raya No. 24
SHALOM=Jl. Kramat Pulo No. 18/A
G7 HOTEL=Jl. KH. Samanhudi No. 47
ZULIA CIPULIR=Jl. H.  Syatirih RT.002 Ulujami
PURI KWITANG=Jl. Kramat Kwitang 1 No. 11 A
ARUNI=Jl. RE. Martadinata No. 10
HOTEL CABIN=Jl. Yos Sudarso Kav. 8788
HOTEL FAVE=Jl. KH. Wahid Hasyim No. 135
TAMANSARI=Jl. Tamansari VI No. 14 B RT. 009/07
PINANGSIA=Jl. Pinangsia I No. 55
MY HOTEL=Jl. Hayam Wuruk No. 127 A
7 DAYS HOTEL=Jl. Gajah Mada 196/Jl. Kemurnian IV
AMARIS=Jl. Panglima Polim Raya No. 101 Blok N/III RT. 00
AMARIS=Jl. Panglima Polim Raya No. 4
BIG HOTEL=Jl. Kartini Raya 64 No. 2
HOTEL 88=Jl. Mangga Besar VIII RT. 008/01 No. 10 D
HOTEL 88=Jl. Mangga Besar No. 62
NEW MANGGA BESAR=Jl. Mangga Besar Raya No. 68 BC
HOTEL FEODORA=Jl. Mangga Besar IV No. 18
BELVENA=Jl. Mangga Besar Raya V No. 49
ROXY ROYAL=Jl. Supiori No. 33A, 55A5B
HOTEL GANI=Jl. KS. Tubun Raya no.9
AGUSTA CENGKARENG=Jl. Kamal Raya Ling.Luar Barat No. 1
SMART HOTEL=Jl. Tanjung Karang No. 2
CITI M. HOTEL=Jl. Tanah Abang I No 11 Petojo
DELDHIA=Jl. Raden Inten No. 175 A
BAMBOO INN=Jl. H. Saaman No. 9
LOSARI BLOK. M=Jl. Panglima Polim Raya No. 3 E
SURABAYA PERMAI=Jl. Perniagaan Selatan No. 46
AMARIS=Jl. Pasar Baru Timur No. 2021 RT. 004/03
MAX ONE HOTEL=Jl. Pasar Glodok Selatan No. 810 RT.002/001
ROYAL CITY HOTEL=Jl. Petojo VI Y II No. 4 RT. 002/06
DARIZA JAYA=Jl. Perintis Kemerdekaan No. 42
PERINSEN=Jl. Mangga Besar Raya No. 103105 Belakang
V HOTEL=Jl. Prof Dr. Soepomo, SH No. 100 RT.001/006
TIGA NUR=Jl. Kramat Pulo Dalam II/F15 No. 5
SEMARANG=Jl. Kramat Pulo No. 9 RT. 008/02
NEO HOTEL=Jl. Cideng Timur No. 58
7 DAYS HOTEL=Jl. Mangga Besar Raya No. 67 CD RT. 003/02
HOLLYWOOD=Jl. Kebon Jeruk XVIII No. 63 RT. 002/09
PURRI MELATI=Jl. Tiang bendera No. 67
CHITRA=Jl. Toko Tiga Seberang 23
PURI INN=Jl. Raden Saleh 39 D
M. HOTEL=Jl. Melawai VI No. 27 Blok M/3 Persil No. 32
HOTEL SOTIS=Jl. Falatehan I No. 2122
GARUDA=Jl. Letjen Suprapto No. 88
ILHAM DUA=Jl. Kemayoran Ketapang No. 90
RED STAR HOTEL JAKARTA=Jl. Mangga Besar VIII No. 12 X,W,V,Y RT. 008/00
KARSA UTAMA=Jl. Kebon Kacang IV No. 12
NEO HOTEL TENDEAN=Jl. Woltermonginsidi No. 131
BLUE SKY PANDURATA BOUTIQUE HOTEL=Jl. Raden Saleh No. 12
THE PLAZA HOTEL GLODOK=Jl. Pinangsia Raya RT.006/07 Lt. 3
ANTONI=Jl. Hayam Wuruk 111 RT. 003/09
HOTEL DE' QUR=Jl. Kali Besar Barat No. 27
AMARIS=Jl. Kapten P. Tendean  No. 11 RT. 014/002
NEW IDOLA=Jl. Pramuka Raya No. 26
ILHAM=Jl. Kalibaru Timur IV/39
TCL 2=Jl. Terusan Bandengan Utara 91.C
FORTUNA=Jl. Pancoran No. 42
RAKACIA HOTEL=Jl. Pemuda No. 10
1001 Entertainment Club=Jl. Kunir No. 7
Arwana=Jl. Mangga Besar VIII No. 7
Ata Hotel Indonesia=Graha Arteri Mas, Jl. Kedoya Raya No. 41 / Jl. Panjang
B Fashion Hotel=Jl. Aranda No. 1
Banian Boulevar=Jl. Tanjung Duren Raya
Business Hotel=Jl. Hayam Wuruk No. 77
Ciputra=Jl. Letjend S. Parman
Comfort=Jl. Latumenten No. 50
De Rivier=Jl. Kalibesar Barat No. 44-46
Fave Hotel LTC Glodok=Gd. LTC Glodok, Jl. Hayam Wuruk No. 127
FM.1 Boutique=Jl. Let. Jend S. Parman Raya Kav. 8
Golden Crown=Jl. Pinangsia Raya No. 1
Grand Akoya=Jl. Tamansari raya No. 85 H
Grand Paragon=Jl. Gajah Mada No. 126
Grand Tropic Suites Hotel=Jl. Letjen S. Parman Kav. 3
Holiday INN-Express=Jl. Palmerah Barat No. 82
Hotel Agraha Jakarta=Jl. Bandengan Selatan No. 20
Hotel Astika=Jl. Mangga Besar Raya No. 76
Hotel Aston=Jl. Raya Kamal Outering Road Blok C-01 No. 18
Hotel Daan Mogot=Jl. Daan Mogot
Hotel Fave=Jl. Kembangan Abadi Utama / Jl. Kembangan Abad
Hotel Grand Tjokro=Jl. Daan Mogot No. 63
Hotel Megah=Jl. Kejayaan No. 17
Hotel Pullman Jakarta Central Park=Podomoro City, Jl. Letjen S. Parman Kav. 28
Hotel Santika Premiere Jakarta=Jl. Aipda KS. Tubun No. 7
Hotel Traffic=Jl. Daan Mogot No. 77 B
Ibis Budget Jakarta Daan Mogot=Jl. Daan Mogot No. 50 B
Ibis Slipi=Jl. Letjen S. Parman Kav. 58-59
Illigal's=Jl. Hayam Wuruk No. 108
Jayakarta Hotel=Jl. Hayam Wuruk No. 126
Mega Anggrek=Jl. Arjuna Selatan No. 4A
Menara Peninsula=Jl. Letjen S. Parman No. 78
Mercure Jakarta Kota=Jl. Hayam Wuruk No. 123
Metropole=Jl. Pintu Besar Selatan No. 38
Mille's=Lokasari Plaza Lt. 4, Jl. Mangga Besar Raya
Novotel Gajah Mada=Jl. Gajah Mada No. 188
Novotel Jakarta Slipi=Jl. Letjend. S. Parman Kav. 26
Olympic=Jl. Mangga Besar VII BLOK A.63
Peninsula Hotel=Jl. Mangga Besar Raya No. 60
Pitagiri=Jl. Palmerah Barat No. 110
Prime Biz Hotel @Grogol, Jakarta=Jl. Daan Mogot No. 52
Prinsen Park=Jl. Mangga Besar IX No. 83-85
Royal Asia Premiere=Jl. Daan Mogot No. 42
Royal Regal=Jl. Mangga Besar Raya VIII No. 27
Sparks Hotel Jakarta=Jl. Mangga Besar Raya No. 44
Stadium=Jl. Hayam Wuruk No. 111 GG - HH - II
Sun City=Jl. Hayam Wuruk No. 127
Sydney 2000=Jl. Hayam Wuruk Komp Glodok Jaya Lt. 8
The Barera=Jl. Teh No. 1
Travel=Jl. Mangga Besar VIII No. 21
Twin Plaza=Jl. Letjen S. Parman Kav. 93-94
Aleander=Jl. Antara No. 35
Alia Cikini=Jl. Cikini Raya No. 32
Alia Pasar Baru=Jl. Pasar Baru Selatan No. 13
Alila=Jl. Pecenongan Kav. 7-17
All Seasons=Jl. KH. Zainul Arifin No. 5 & 7
All Seasons Thamrin Hotel Project=Jl. Talang Betutu No. 02 / Jl. Tanjung Karang
Alma=Jl. Aipda KS. Tubun No. 15-17
Alpine=Jl. Gunung Sahari Raya No. 35
Arcadia Hotel=Jl. KH. Wahid Hasyim No. 114 A
Artotel Jakarta - Thamrin=Jl. Sunda No. 3
Aryaduta=Jl. Prapatan No. 44-46
Atlantik=Jl. Salemba Raya No. 6
Atlet Century Park=Jl. Pintu Satu Senayan
Banyuwangi Sintera=Jl. H. Samanhudi No. 32B-34
Best Western Grand Palace=Jl. Benyamin Sueb No. A.5
Best Western Hotel & Residence=Jl. Mangga Dua Abdad No. 111
Betawi Sofyan=Jl. Cut Mutiah No. 9
Bintang Baru=Jl. Dr. Sutomo No. 9
Bintang Griyawisata=Jl. Raden Saleh No. 16
Blue Sky Smart Hotel=Jl. AIPDA KS. Tubun No. 19
Borobudur Jakarta=Jl. Lapangan Banteng Selatan No. 1
Bumi Johar=Jl. Johar 17 - 19
Business Hotel=Jl. Kota Bumi No. 1
C' One Hotel & Plaza=Jl. Letjend Suprapto No. 62
C' One Hotel Cempaka Putih=Jl. Letjen Suprapto
Caravan=Jl. KH. Mas Mansyur No. 50
Cemara Hotel=Jl. KH. Wahid Hasyim No. 69
City Icon Residence=Jl. Mangga Besar Raya No. 98
Classic=Jl. H. Samanhudi No. 43-45
Clay Hotel=Jl. Blora No. 20
Delta Hotel=Komp. Harmoni Plaza B.33
Dias=Jl. Kraan V No. 20
Double Tree By Hilton=Jl. Pegangsaan Timur No. 17
Emporium Boutique Hotel=Jl. Pecenongan No. 29
Exitertel=Komp. Ruko Niaga Roxy Mas Blok D.V No. 8-12
Fairmont Hotel=Jl. Asia Afrika No. 8
Fashion=Jl. Gunung Sahari XII No. 2
Fortune=Jl. KH. Mas Mansyur No. 13
Glassio=Jl. Biak No. 54
Golden Boutique=Jl. Angkasa No. 1, Gunung Sahari Utara
Grand Alia Cikini=Jl. Cikini Raya No. 79
Grand Cemara Hotel=Jl. Cemara No. 1
Grand Cempaka=Jl. Letjen Suprapto No. 27
Grand Hyatt Jakarta=Jl. MH. Thamrin Kav. 28-30
Grand Mercure=Jl. Hayam Wuruk No. 36-37
Grand Sahid Jaya=Jl. Jend. Sudirman Kav. 86
Gren Alia Prapatan=Jl. Prapatan No. 28
Holiday INN Express=Jl. Tanjung Karang No. 1
Hotel  " N "=Jl. Majapahit No. 12
Hotel  N1=Jl. KS. Tubun No. 3
Hotel  N2=Jl. Gunung Sahari Raya No. 83
Hotel Aryaduta Jakarta=Jl. Prapatan No. 44-48
Hotel Fave=Jl. KH. Samanhudi No. 26
Hotel Grand City=Jl. Pal Putih No. 197 A
Hotel Grand Hyatt Jakarta=Jl. MH. Thamrin Kav. 28-30
Hotel Indonesia Kempinski=Jl. MH. Thamrin No. 1
Hotel Mercure Sabang - Jakarta=Jl. KH. Agus Salim No. 11-13
Hotel Millennium Sirih Jakarta=Jl. H. Fachrudin No. 3
Hotel N3=Jl. KH. Zainul Arifin No. 57
Hotel Patra Jasa=Jl. Jend. Ahmad Yani No. 2
Hotel Puri Jaya=Jl. Percetakan Negara V No. 5
Hotel Sari Pan Pacific=Jl. MH. Thamrin No. 6
Hotel Sentral=Jl. Pramuka Raya Kav. 63-64
Hotel Tugu Asri=Jl. Jati Baru No. 7-9
Hotel Zuri Express=Jl. HOS. Cokroaminoto No. 82-84
Ibis Budget=Jl. Cikini Raya No. 75
Ibis Budget=Jl. HOS Cokroaminoto No. 79
Ibis Hotel Senen Jakarta=Jl. Kramat Raya No. 100
Ibis Kemayoran=Jl. Bungur Besar Raya No. 79-81
Ibis Mangga Dua=Jl. Pangerang Jayakarta / Jl. Gatep
Ibis Tamarin=Jl. KH. Wahid Hasyim No. 77
Intercontinental Mid Plaza Jakarta=Jl. Kebembem
Kalisma  (Petamburan II)=Jl. Aipda KS. Tubun No. 15-17
Kawanua Aerotel=Jl. Cempaka Putih Timur XXIV No. 10
Keraton At The Plaza A Luxury=Jl. MH. Thamrin Kav. 15
Kosenda=Jl. KH. Wahid Hasyim No. 127
Le Grandeur=Jl. Mangga Dua Raya
Le Meridien Jakarta=Jl. Jend Sudirman Kav. 18 - 20
Lumire Hotel=Jl. Senen  Raya No. 135
Malioboro=Jl. Gajah Mada No. 13H
Mandarin Oriental Jakarta=Jl. MH. Thamrin
Marcopolo=Jl. Teuku Cik Ditiro No. 19
Max One Hotels.Com @ Sabang=Jl. KH. Agus Salim No. 24
Maxim Asri=Jl. Kwitang Raya No. 11
Mega=Jl. Proklamasi No. 40
Mega Cikini=Jl. Cikini Raya No. 62-64
Megah Internasional=Jl. Bungur Besar Raya No. 31
Menteng I=Jl. RP. Soeroso No. 28
Menteng II=Jl. Cikini Raya No. 105
Merlynn Park Hotel=Jl. KH. Hasyim Ashari No. 29-31
Mid Plaza/Kempinsky=Jl. Jend. Sudirman
Mirah=Jl. Gunung Sahari XII No. 18
Morrissey=Jl. KH. Wahid Hasyim No. 70
Mulia Senayan=Jl. Asia Afrika No. 1
New Harmoni=Jl. Hayam Wuruk No. 1
Nusantara=Jl. KH. Mas Mansyur No. 36
Nusantara Indah=Jl. KH. Mas Mansyur No. 36
ORCHARDZ=Jl. Industri Raya No. 8
Oasis Amir Hotel=Jl. Senen Raya  Kav. 135-137
Orchardz P. Jayakarta=Jl. P. Jayakarta Blok 44 No. 7-8
Paragon=Jl. KH. Wahid Hasyim No. 5
Pardede International=Jl. Raden Saleh I No. 9-11
Pasar Baru Hotel=Jl. Pasar Baru Selatan No. 6
Patra Jasa Jakarta Hotel=Jl. Jend.  Ahmad Yani No. 2
Pecenongan City=Jl. Ceylon No. 19
Pramuka Hotel=Jl. Pramuka Raya No. 149
Prima Indah=Jl. Gunung Sahari Raya No. 19/21
Prima Indah II=Jl. Mangga Besar Raya No. 144
Pullman Jakarta Indonesia=Jl. MH. Thamrin No. 59
Puri Mega=Jl. Rawamangun No. 59
Redtop=Jl. Pecenongan No. 72
Rota International=Jl. KH. Wahid Hasyim No. 63
Royal=Jl. Ir. H. Juanda No. 14
Sahid Jaya International=Jl. Jend. Sudirman No. 89
Salemba Indah=Jl. Paseban 20-AB, Kramat
Savvoya Menteng Hotel=Menteng Square Tower C, Jl. Matraman Raya
Senen Indah=Jl. Bungur Besar No. 157
Shangri-La=Jl. Jend. Sudirman Kav. I, Karet Tengsin
Sriwijaya=Jl. Veteran No. 1
Surya=Jl. Batu Ceper No. 44-46
Surya Baru=Jl. Batu Ceper No. 11 A
Swiss-Bel Hotel Mangga Besar=Jl. Kartini Raya No. 57
The Acacia Jakarta=Jl. Kramat Raya No. 73-81
The Akmani Suite Hotel=Jl. KH. Wahid Hasyim No. 91
The Media Hotel & Towers=Jl. Gunung Sahari Raya No. 3
The Sultan Hotel=Jl. Jend. Gatot Subroto
Travellers Hotel Jakarta=Jl. Pangeran Jayakarta No. 70
Treva  International=Jl. Menteng Raya No. 33
Triniti Jakarta=Jl. Pembangunan III No. 4-6
Tugu Asri=Jl. Jatibaru No. 7-9
V-2=Komp. Duta Merlin, Jl. Gajah Mada No. 3-5 Lt. III
Whiz Hotel=Jl. Cikini Raya No. 6
Amaris=Jl. Mampang Prapatan Raya No. 66
Ambhara=Jl. Iskandarsyah II No. 1
Arion Swiss-Belhotel Kemang=Jl. Kemang Raya No. 7
Aston Hotel=Jl. Garnisun Dalam No.8
Aston Priority Simatupang=Jl. TB. Simatupang Kav. 9
Bumi Karsa=Jl. Jend. Gatot Subroto No. 71-73
Business Hotel=Jl. Setiabudi Timur Blok B Persil No. 17
Cipta  II=Jl. Mampang Prapatan No. 1 A
Cipta Hotel Pancoran=Jl. Raya Pasar Minggu No. 19
Crowne Plaza Jakarta=Jl. Jend. Gatot Subroto Kav. 2&3
D' Hotel=Jl. Sultan Agung No. 09
Delta Hotel=Jl. Gatot Subroto Kav. 76 
Diradja Hotel=Jl. Kapten P. Tendean No. 38 
Fave Hotel=Jl. Kemang I No. 6 
Fave Hotel Gatot Subroto=Komp. Tangkas Baru A Blok D/H, Jl. Kartika Chandra
Fortune=Plaza 3 Pondok Indah Blok F No. 1-4, Jl. TB. Simatupang
Fortune=Komp Graha Puri Blok F.21, Jl. Wijaya II 
Four Seasons Hotel Jakarta=Jl. HR. Rasuna Said Kav. B-4
Golden Boutique Melawai=Jl. Melawai VIII No. 6-8
Gran Mahakam=Jl. Mahakam I No. 6 
Grand Ciledug=Jl. Ciledug Raya
Grand Kemang Hotel=Jl. Kemang Raya No. 2H
Grand Melia Jakarta=Jl. HR. Rasuna Said Kav. X-O No. 1-4
Grandhika Blok M=Jl. Iskandarsyah Raya No. 65 A,B,C & 33 / I/8
Harris=Jl. DR. Sahardjo No. 191
Hotel 88 Fatmawati=Jl. RS. Fatmawati No. 03
Hotel Amos Cozy=Jl. Melawai Raya No. 84-85
Hotel Aryaduta Semanggi=Jl. Garnisun dalam No. 8
Hotel Garden=Taman Kemang No. 1, Jl. Kemang Raya
Hotel Griya Adamar=Jl. TB. Simatupang
Ibis Kemang=Jl. Bangka Raya
JS Luwansa Hotel=Gd. PP H. Usmar Ismail, Jl. HR. Rasuna Said
JW. Marriott Hotel=Jl. DR. Ide Anak Agung Gde Agung Kav. E 1,2
Kai' Sar=Jl. PLN. Duren Tiga No. 1
Kartika Chandra=Jl. Jend. Gatot Subroto Kav. 17-20
Kebayoran INN=Jl. Senayan No. 87 Blok S
Kristal (Le-Cristal)=Jl. Raya Tarogong Kav. 17
Luminor Tendean 88=Jl. Kapten Tendean No. 10
Maharadja=Jl. Kap. Pierre Tendean No. 1
Maharani=Jl. Warung Buncit Raya No. 8
Manhattan Hotel=Jl. Prof. DR. Satrio, Casablanca Kuningan
Melawai=Jl. Melawai Raya No. 18-20
Melawai Delapan=Jl. Melawai VIII No. 6-8
Mercure Hotel=Jl. RA. Kartini / Jl. TB. Simatupang
Neo Melawai=Jl. Panglima Polim Raya No. 15
Pop ! Hotel=Jl. Prof. DR. Soepomo SH No. 29
Pop! Hotel Kemang=Jl. Kemang Raya No. 3
Prapanca Indah=Jl. Prapanca Raya No. 30-31
Puri Denpasar=Jl. Denpasar Selatan No. 1
Raffles=Ciputra World 1 Jl. Prof. Dr. Satrio Kav. 3-5
Royal Kuningan Hotel=Jl. Kuningan Persada Kav. 2
Sahati Hotel=Jl. Taman Margasatwa No. 45
Sentra Cipulir=Jl. Ciledug Raya No. 17
Srikandi Hotel=Jl. Cipete Raya No. 13
Tebet Sofyan=Jl. Prof. DR. Soepomo, SH No. 23
The Dharmawangsa=Jl. Brawidjaya Raya No. 39
The Falatehan Hotel=Jl. Falatehan Raya No. 26
The Grove Suites By Grand Aston=Komp. Rasuna Epicentrum, Jl. HR. Rasuna Said
The Mansion=Kawasan Mega Kuningan, Jl. Mega Kuningan Timur
The Park Lane Jakarta=Jl. Casablanca Kav. 18
The Ritz Carlton=Jl. DR. Ide Agung Gde Agung Kav. E No. 1
The Ritz Carlton Pacific Place=Jl. Jend. Sudirman Kav. 52-53
T-Hotel=Jl. Ciputat Raya No. 11
Veranda=Jl. Kyai Maja No. 63
Wijaya Gangnam=Komp. Wijaya Graha Puri Blok F No. 20, Jl. Wijaya
Yusenny=Jl. Senayan No. 29
Alia Matraman=Jl. Matraman Raya No. 224
Angkasa=Jl. Sultan Hamengkubuwono IX KM. 25
Balairung=Jl. Matraman Raya No. 19
Best Western Premiere The Hive=Jl. DI. Panjaitan Kav. 3-4
Fave Hotel PGC=Jl. Mayjen Sutoyo No. 76 / Jl. Dewi Sartika
Grand Menteng Hotel=Jl. Matraman Raya No. 21
Hotel Ibis Pemuda=Jl. Pemuda
Ibis=Jl. Letjen. MT. Haryono No. 9
Ibis=Cawang Commercial Estate, Jl. Letjend MT. Haryono
Mega Matra=Jl. Matraman Raya No. 115
Park Hotel=Jl. D.I Panjaitan Kav. 5-7
Rensa Sofyan=Jl. Raya Duren Sawit No. 108
Santika Taman Mini Indonesia Indah=Jl. Pintu Masuk I TMII Indonesia Indah
Alexis Hotel=Jl. RE. Martadinata No. 1
All Sedayu Hotel=Kelapa Gading Square Mall Of Indonesia lobby 5
Coin's=Jl. Sunter Agung Utara Raya Blok A No. 5 B
Comfort=Plaza Kelapa Gading Blok B No. 6-95, Jl. Raya Boulevard Kelapa Gading
Condotel Golden Sky=Jl. Taman Pluit Kencana No. 48
Danau Sunter=Jl. Danau Permai Raya Blok C.1
Delta Duta Fortuna=Jl. Boulevard Bukit Gadnig Raya Blok D No. 30-34
Discovery Hotel & Convention Ancol=Jl. Lodan Timur Raya No. 07
Golden Bay=Jl. Teluk Gong Raya No. 12
Golden Hands Hotel=Jl. Bandengan Selatan No. 43
Grand Asia=Jl. Bandengan Selatan No. 88
Grand Whiz=Jl. Bukit Gading Raya Kav. I
Hariston=Jl. Terusan Bandengan Utara
Harris Kelapa Gading=Jl. Raya Gading Indah
Holiday INN Express Pluit=Mall Emporium Lt. 10, Jl. Pluit Selatan Raya
Holiday INN Jakarta Kemayoran=Kompleks Rukan Puri Mutiara Blok D No. 107-10
Hotel Fave=Jl. Gading Indah Raya No. 8 Blok C/32
Hotel King Cross=Jl. Boulevard Bukit Gading Raya Kokan Blok E
Hotel Neo=Rukan Mangga Dua Square Blok A No. 10-12
Ibis Style Hotel Mangga Dua Square=Mangga Dua Square 2nd Floor P2, Jl. Gunung Sahari
M. Star=Jl. Gunung Sahari Raya No. 2
Mercure Convention Center Ancol=Jl. Pantai Indah Komp. TIJA
MTR 2=Jl. Boulevard Bukit Gading Raya No. 18
Novotel Mangga Dua Square=Jl. Gunung Sahari Raya No. 1
Podomoro=Jl. Agung Utara Blok A No. 5
Pondok Putri Duyung=Jl. Lodan Timur No. 7
Pop ! Hotel Kelapa Gading=Jl. Kelapa Gading Boulevard / Jl. Raya Mandiri Utara
Pulau Ayer=Pulau Air Besar
Sanno Jakarta Airport Hotel=Jl. Pluit Raya Selatan No. 2
Santika Kelapa Gading=Sport Mall, Jl. Raya Kelapa Nias Blok. HF 3 
Sumo=Jl. Boulevard Barat No. 1
Tematik Hotel=Jl. Raya Jembatan Tiga No. 35
Transit Gading Indah=Jl. Pegangsaan Dua No. 10
Whiz=Ruko INKOPAL, Jl. Boulevard Barat B No. 18
Gerbang Purnama=Jl. Terusan Arjuna No. 7
Grogol   I=Jl. Gg. Macan Daan Mogot
Grogol  2=Jl. Daan Mogot No. 79
Hotel Transit Tomang=Jl. Kedoya Raya RT007/RW003
Pondok Citra Grogol=Jl. Daan Mogot No. 111
Pondok Mitra Kencana Lestari=Jl. Latumenten No. 50
Laura=Jl. Kramat Raya No. 7-9
Bukit Indah=Jl. R.A. Kartini No. 9
Pondok Wisata=Jl. TB. Simatupang / Jl. RA. Kartini
C' One Hotel Pulomas=Jl. Jend. Achmad Yani RT003/RW009
Pondok Nirwana=Jl. MT. Haryono Kav. 26
Pondok Pulo mas=Jl. Pulo Mas Utara No. 1
Pondok Tirta Sentosa=Jl. Raya Halim Perdanakusuma No. 1A
Griya Permai=Jl. Jembatan Tiga No. 8
Pondok Impian=Jl. RE. Martadinata No. 2
Pondok Kencana Indah=Jl. Terusan Bandengan Utara No. 93
Pondok Sunter Indah=Jl. Gaya Motor No. 3/7, Sunter II
1001 Entertainment Club=Jakarta Barat
99=Jakarta Barat
Aku &  Kamu=Jakarta Barat
Anggrek=Jakarta Barat
Antik=Jakarta Barat
Astro=Jakarta Barat
B Fashion=Jakarta Barat
Bandara 2001=Jakarta Barat
Blitzmegaplex=Jakarta Barat
Blue Corner=Jakarta Barat
Breakfast Lunch Dinner=Jakarta Barat
California Pizza Kitchen=Jakarta Barat
Carrefour=Jakarta Barat
Carrefour=Jakarta Barat
Causeway Bay HK Resto=Jakarta Barat
CFC=Jakarta Barat
Cheese Cake Factory=Jakarta Barat
Cherry Sauna & Massage=Jakarta Barat
Cinta Music Café - CMC=Jakarta Barat
City Extra=Jakarta Barat
Club 36=Jakarta Barat
Club Nebula=Jakarta Barat
D' Asti Lounge=Jakarta Barat
D' Asti Lounge=Jakarta Barat
D' Asti Lounge=Jakarta Barat
D' Asti Lounge=Jakarta Barat
D' Asti Wines And Spirits Lounge=Jakarta Barat
D V=Jakarta Barat
Da Fu Hao=Jakarta Barat
De Rivier=Jakarta Barat
Delta Raya Pratama=Jakarta Barat
Diamond Executive Club=Jakarta Barat
Diva=Jakarta Barat
Diva=Jakarta Barat
Diva=Jakarta Barat
Diva=Jakarta Barat
East West=Jakarta Barat
Exito=Jakarta Barat
Fame=Jakarta Barat
Furama=Jakarta Barat
Golden Crown=Jakarta Barat
Grand Laras Ayu=Jakarta Barat
Grand Laras Ayu=Jakarta Barat
Grand M T R=Jakarta Barat
Grand Monggo Mas=Jakarta Barat
Grand Paragon=Jakarta Barat
Grand Tjokro=Jakarta Barat
Happy Puppy=Jakarta Barat
Happy Puppy=Jakarta Barat
Happyness=Jakarta Barat
Hati Puspa=Jakarta Barat
Haze=Jakarta Barat
Hipsies Kitchen And Bar=Jakarta Barat
Hog's Breath Café=Jakarta Barat
Illigal's=Jakarta Barat
Imperial Chef=Jakarta Barat
Inul Vizta=Jakarta Barat
Inul Vizta=Jakarta Barat
Juke Box=Jakarta Barat
J-Wine=Jakarta Barat
Kafe Batavia=Jakarta Barat
Kartika=Jakarta Barat
Kitchenette=Jakarta Barat
La Biere=Jakarta Barat
La Biere=Jakarta Barat
Le Bar=Jakarta Barat
Liberica=Jakarta Barat
Liebar=Jakarta Barat
Little Sheep Shabu Shabu=Jakarta Barat
Luciole Bistro=Jakarta Barat
M L / Malam Lembayung=Jakarta Barat
M T R=Jakarta Barat
M.W=Jakarta Barat
M.W=Jakarta Barat
Maharaja=Jakarta Barat
Manro's Cafe=Jakarta Barat
Marno's Cafe=Jakarta Barat
May Star=Jakarta Barat
Mazel Tov=Jakarta Barat
Medika=Jakarta Barat
MG International Club=Jakarta Barat
Mille's=Jakarta Barat
Ministry Of Beer=Jakarta Barat
Mixx Grill=Jakarta Barat
Mtv=Jakarta Barat
Muze=Jakarta Barat
My Madona Club=Jakarta Barat
My Place=Jakarta Barat
Nav=Jakarta Barat
New Bintang Mawar=Jakarta Barat
New Bintang Mawar=Jakarta Barat
New Idola=Jakarta Barat
New Royal=Jakarta Barat
New Sari Ayu=Jakarta Barat
New Sari Mustika=Jakarta Barat
New Top 10 Club=Jakarta Barat
New Town=Jakarta Barat
New Town=Jakarta Barat
New Unicorn=Jakarta Barat
Ninety Nine=Jakarta Barat
Ninety Nine=Jakarta Barat
Nuansa Pelangi 8=Jakarta Barat
Oasis=Jakarta Barat
Old City=Jakarta Barat
Olympic=Jakarta Barat
Orange=Jakarta Barat
Pancoran Jaya=Jakarta Barat
Panic Room Karaoke=Jakarta Barat
Paradise Dynasty=Jakarta Barat
Paradise INN=Jakarta Barat
Pegasus=Jakarta Barat
Permai=Jakarta Barat
Permata=Jakarta Barat
Pinangsia=Jakarta Barat
Pizza E Birra=Jakarta Barat
Pizza E Birra=Jakarta Barat
Princess=Jakarta Barat
Princess Syahrini=Jakarta Barat
R & B=Jakarta Barat
Raja Club 121=Jakarta Barat
Ratu Ayu=Jakarta Barat
Ratu Ayu=Jakarta Barat
Ratu Ayu=Jakarta Barat
Royal Mas=Jakarta Barat
Royal Mas=Jakarta Barat
Sababay=Jakarta Barat
Sahabat=Jakarta Barat
Sedap Malam=Jakarta Barat
Siera=Jakarta Barat
Siera=Jakarta Barat
Sms=Jakarta Barat
Society +=Jakarta Barat
Stadium=Jakarta Barat
Sun City=Jakarta Barat
Super=Jakarta Barat
Sushi Tei=Jakarta Barat
Sushigroove=Jakarta Barat
The Barrel=Jakarta Barat
The Club 369=Jakarta Barat
The Company House & Of Steak=Jakarta Barat
The Company House & Of Steak=Jakarta Barat
The Factory Bistro & Bar=Jakarta Barat
The VG PUB=Jakarta Barat
Top I=Jakarta Barat
Traffic=Jakarta Barat
Trattoria=Jakarta Barat
Vines=Jakarta Barat
V-Shop=Jakarta Barat
Widya Prambanan=Jakarta Barat
127 Cafe=Jakarta Pusat
127 Cafe=Jakarta Pusat
After Hour=Jakarta Pusat
Ah Yat Abalone Forum=Jakarta Pusat
Ah Yat Abalone Forum=Jakarta Pusat
Ah Yat Seafood Restaurant=Jakarta Pusat
Alis=Jakarta Pusat
Ambassade=Jakarta Pusat
American Chili's Grill & Bar=Jakarta Pusat
Apero=Jakarta Pusat
Arella=Jakarta Pusat
Asmoro=Jakarta Pusat
Auditorium Blitzmegaplax=Jakarta Pusat
Auroz=Jakarta Pusat
Awan Lounge=Jakarta Pusat
Bakara=Jakarta Pusat
Baker's Inn=Jakarta Pusat
Bar Plaza Indonesia Xxi=Jakarta Pusat
Beer Garden=Jakarta Pusat
Bistro Baron=Jakarta Pusat
Black Cat=Jakarta Pusat
Bloeming=Jakarta Pusat
Blue Erawan=Jakarta Pusat
Blue Oasis Entertainment=Jakarta Pusat
Brew & Co=Jakarta Pusat
Brew House=Jakarta Pusat
Brewerkz=Jakarta Pusat
Bugsy's=Jakarta Pusat
Bunga Rampai=Jakarta Pusat
Bushido Japanese Restaurant=Jakarta Pusat
By The Beach=Jakarta Pusat
C E O=Jakarta Pusat
Café Fashion Pasta=Jakarta Pusat
Canteen=Jakarta Pusat
Cassis=Jakarta Pusat
Cava=Jakarta Pusat
Celebrity Fitness=Jakarta Pusat
Cempaka Satu=Jakarta Pusat
Chandara=Jakarta Pusat
Chandara=Jakarta Pusat
Cheese & Caviar=Jakarta Pusat
Cheese Cake Factory=Jakarta Pusat
Colours=Jakarta Pusat
Comfort Nusantara=Jakarta Pusat
Cork & Screw=Jakarta Pusat
Crystal Jade Restaurant=Jakarta Pusat
Crystal Lounge=Jakarta Pusat
D' Asti Lounge=Jakarta Pusat
D' Consulat=Jakarta Pusat
D' Rox=Jakarta Pusat
Dapur Babah Elite & Tao Bar=Jakarta Pusat
De Luca=Jakarta Pusat
De Luca=Jakarta Pusat
Desi Dapur=Jakarta Pusat
Din Tai Fung=Jakarta Pusat
Din Tai Fung=Jakarta Pusat
Diva=Jakarta Pusat
Diva=Jakarta Pusat
Diva=Jakarta Pusat
Diva=Jakarta Pusat
Domain=Jakarta Pusat
Domus Demos Resto=Jakarta Pusat
Domus Demos Resto=Jakarta Pusat
Double Bay=Jakarta Pusat
Dream=Jakarta Pusat
Dyna=Jakarta Pusat
Eatology=Jakarta Pusat
Eksotik=Jakarta Pusat
Emporium=Jakarta Pusat
Enmaru=Jakarta Pusat
Ephicure=Jakarta Pusat
Ephicure=Jakarta Pusat
Eric Kayser=Jakarta Pusat
F - 1=Jakarta Pusat
F - 1=Jakarta Pusat
Fashion=Jakarta Pusat
Flanagan's Irish Pub & Restaurant=Jakarta Pusat
Foodism=Jakarta Pusat
Foodism=Jakarta Pusat
Fook Yew=Jakarta Pusat
Foood Kulture By Urban Kitchen=Jakarta Pusat
Fortune=Jakarta Pusat
Front Page=Jakarta Pusat
Gaia Ristorante=Jakarta Pusat
Ganesha Ek Sanskriti=Jakarta Pusat
Garcon=Jakarta Pusat
Goemon=Jakarta Pusat
Grand Manhattan=Jakarta Pusat
Gulp & Gulf=Jakarta Pusat
H S=Jakarta Pusat
Hacienda Mexican Bar & Grill=Jakarta Pusat
Happy Happy Karaoke=Jakarta Pusat
Happy Puppy=Jakarta Pusat
Hard Rock Café=Jakarta Pusat
Hermitage Lounge=Jakarta Pusat
Hey Ho=Jakarta Pusat
Hyu Han=Jakarta Pusat
Ichigo Ichie=Jakarta Pusat
Iguana Dangdut & Karaoke=Jakarta Pusat
Immigrant=Jakarta Pusat
Imperial=Jakarta Pusat
Inul Vizta=Jakarta Pusat
J - Wine=Jakarta Pusat
J House=Jakarta Pusat
Jakarta Wine=Jakarta Pusat
Jill In Marketbar=Jakarta Pusat
Jj Royal Bistro=Jakarta Pusat
J-Wine=Jakarta Pusat
J-Wine=Jakarta Pusat
J-Wine=Jakarta Pusat
Kafe Domus=Jakarta Pusat
Kafe Victoria=Jakarta Pusat
Kaihomaru=Jakarta Pusat
Kamogawa=Jakarta Pusat
Katsura=Jakarta Pusat
Kitchenette=Jakarta Pusat
Kitchenette=Jakarta Pusat
Kushi Musubi=Jakarta Pusat
La Finestra Ristorante=Jakarta Pusat
Laluna Bar=Jakarta Pusat
Lan Na Thai=Jakarta Pusat
Lara Djonggrang=Jakarta Pusat
Lintang Selatan (Ls)=Jakarta Pusat
Little Sheep=Jakarta Pusat
Locanda=Jakarta Pusat
Long Beach Seafood=Jakarta Pusat
Malioboro=Jakarta Pusat
Mamacita=Jakarta Pusat
Marimba QQ=Jakarta Pusat
Marimba QQ=Jakarta Pusat
Mario's Place=Jakarta Pusat
Master Piece=Jakarta Pusat
May Star=Jakarta Pusat
Melly's=Jakarta Pusat
Melt=Jakarta Pusat
Millennium=Jakarta Pusat
Mini Brewery (Brewhouse)=Jakarta Pusat
Molly Malone's=Jakarta Pusat
Movina=Jakarta Pusat
Musro=Jakarta Pusat
Nan Xiang Steamed Bun-Shanghai=Jakarta Pusat
Nannini=Jakarta Pusat
Nara Han=Jakarta Pusat
Nav=Jakarta Pusat
Ninety Nine=Jakarta Pusat
Nirwana=Jakarta Pusat
Nutz Culture=Jakarta Pusat
Ocha & Bella=Jakarta Pusat
Orchardz=Jakarta Pusat
Orchardz=Jakarta Pusat
Outback Steakhouse=Jakarta Pusat
Oyster=Jakarta Pusat
Paradise Dynasti=Jakarta Pusat
Paradise Dynasti=Jakarta Pusat
Paradise INN=Jakarta Pusat
Pd. Bahagia=Jakarta Pusat
Penang Bistro=Jakarta Pusat
Pesto Autentico=Jakarta Pusat
Phloey=Jakarta Pusat
Pisa Ice Cream=Jakarta Pusat
Pizza E Birra=Jakarta Pusat
Pizza E Birra=Jakarta Pusat
Plum Village=Jakarta Pusat
Polo Club Jakarta=Jakarta Pusat
Portico=Jakarta Pusat
Portico=Jakarta Pusat
Prive=Jakarta Pusat
Puri Café=Jakarta Pusat
Puspita=Jakarta Pusat
Q Bar=Jakarta Pusat
Queen's Tandoor=Jakarta Pusat
Queen's Tandoor=Jakarta Pusat
Red & White=Jakarta Pusat
Red Square=Jakarta Pusat
Red Tomato=Jakarta Pusat
Remboelan=Jakarta Pusat
Remboelan=Jakarta Pusat
Rive Gauche=Jakarta Pusat
Roca=Jakarta Pusat
Roemah Rempah=Jakarta Pusat
Rustique=Jakarta Pusat
Rych Menu Restoran=Jakarta Pusat
Saint Louis Lounge=Jakarta Pusat
Salt Grill=Jakarta Pusat
Samara=Jakarta Pusat
Samara=Jakarta Pusat
Sapphire Lounge & Bar=Jakarta Pusat
Segafredo Zanetti=Jakarta Pusat
Shanghai Blue 1920=Jakarta Pusat
Shanghai Blue 1920=Jakarta Pusat
Shas'bu Bistro=Jakarta Pusat
Skye=Jakarta Pusat
South Beauty=Jakarta Pusat
Spageddies Italian Kitchen=Jakarta Pusat
Spageddies Italian Kitchen=Jakarta Pusat
Spin City=Jakarta Pusat
Studio 21 Boutique=Jakarta Pusat
Sushi Tei=Jakarta Pusat
Sushi Tei=Jakarta Pusat
Sushi Tei=Jakarta Pusat
Sushi Tei=Jakarta Pusat
Sushi Tei=Jakarta Pusat
Swiss-Bel Hotel Mangga Besar=Jakarta Pusat
Swiss-Bel Hotel Mangga Besar=Jakarta Pusat
Syuri=Jakarta Pusat
Takumi=Jakarta Pusat
Tartine=Jakarta Pusat
Taste Paradise=Jakarta Pusat
Tatemukai=Jakarta Pusat
Tee 9=Jakarta Pusat
Terrazza Bianco=Jakarta Pusat
The Belly Clan=Jakarta Pusat
The Boutique KTV=Jakarta Pusat
The Cloud=Jakarta Pusat
The Grand Duck King=Jakarta Pusat
The Luv's Bar And Dine=Jakarta Pusat
The Marmalade Pantry=Jakarta Pusat
The Only One Club=Jakarta Pusat
The Playground=Jakarta Pusat
The Social House=Jakarta Pusat
The Terrace=Jakarta Pusat
Tiga Kuda Music Café=Jakarta Pusat
Tiga Kuda Music Café=Jakarta Pusat
Tin Pan Alley=Jakarta Pusat
Tokyo Belly=Jakarta Pusat
Tony Roma's=Jakarta Pusat
Tony Roma's=Jakarta Pusat
Tribeca N.Y.C Bar & Diner=Jakarta Pusat
Twg=Jakarta Pusat
Unacho=Jakarta Pusat
Union Bistro & Bar=Jakarta Pusat
Union Bistro & Bar=Jakarta Pusat
Urban Kitchen=Jakarta Pusat
V - 2=Jakarta Pusat
Vin +=Jakarta Pusat
Vines=Jakarta Pusat
Whiskey Barons Jakarta=Jakarta Pusat
White Box=Jakarta Pusat
White Box=Jakarta Pusat
X - Ktv=Jakarta Pusat
X2=Jakarta Pusat
Xxi Ball Room & Club=Jakarta Pusat
Xxi Lounge=Jakarta Pusat
Y & Y=Jakarta Pusat
Yellow Fin=Jakarta Pusat
Yopanino=Jakarta Pusat
Yo'panino=Jakarta Pusat
Zen=Jakarta Pusat
Zodiak=Jakarta Pusat
+ 6 2=Jakarta Selatan
2 MAD EATERY=Jakarta Selatan
3 6 5=Jakarta Selatan
4 MUSIM=Jakarta Selatan
AFTER HOUR=Jakarta Selatan
AKIRA BACK=Jakarta Selatan
ALBERO=Jakarta Selatan
ALCOHOLICS=Jakarta Selatan
ALEGRO F - KTV=Jakarta Selatan
ALICE'S WONDERLAND SULAWESI=Jakarta Selatan
AMARONE BISTRO & BAR=Jakarta Selatan
AMIGOS=Jakarta Selatan
AMIGOS=Jakarta Selatan
APERITIVO=Jakarta Selatan
APHRODITE=Jakarta Selatan
APOLLO=Jakarta Selatan
APOLLO BAR & RESTORAN=Jakarta Selatan
ARI JONG=Jakarta Selatan
ARTIST=Jakarta Selatan
ARTOZ=Jakarta Selatan
ARUBA=Jakarta Selatan
ATTIC S=Jakarta Selatan
AYA=Jakarta Selatan
B 1 CLUB=Jakarta Selatan
BACCO=Jakarta Selatan
BALBONI=Jakarta Selatan
BALI CAFÉ=Jakarta Selatan
BARCODE=Jakarta Selatan
BARLEY AND HOPS=Jakarta Selatan
BARLEY AND HOPS=Jakarta Selatan
BASARA=Jakarta Selatan
BASILICO=Jakarta Selatan
BAU - HAUS=Jakarta Selatan
BE HAPPY=Jakarta Selatan
BEER BROTHER=Jakarta Selatan
BEER GARDEN=Jakarta Selatan
BEER GARDEN=Jakarta Selatan
BEERDY=Jakarta Selatan
BEERDY=Jakarta Selatan
BEYOND=Jakarta Selatan
BIBIGO=Jakarta Selatan
BIBIGO=Jakarta Selatan
BIBLIOTHEQUE=Jakarta Selatan
BISTRONOMY JAKARTA=Jakarta Selatan
BITE & BEER=Jakarta Selatan
BITS & BOBS=Jakarta Selatan
BLACKSTEER=Jakarta Selatan
BLOWFISH PURO=Jakarta Selatan
BLUE MONKEY=Jakarta Selatan
BLUEGRASS=Jakarta Selatan
BOKA BUKA=Jakarta Selatan
BOKA BUKA=Jakarta Selatan
B-ONE AND LOUNGE=Jakarta Selatan
BORNGA=Jakarta Selatan
BOTTEGA=Jakarta Selatan
BRENTWOOD=Jakarta Selatan
BREW & CO=Jakarta Selatan
BREW & CO=Jakarta Selatan
BREW & CO=Jakarta Selatan
BRICKS KITCHEN & LOUNGE=Jakarta Selatan
BROADWAY IN NEWYORK=Jakarta Selatan
BUREAU GASTRONOMIC & PUB=Jakarta Selatan
BUREAU GASTRONOMIC & PUB=Jakarta Selatan
BURGUNDI=Jakarta Selatan
BYBLOS BISTRO=Jakarta Selatan
BYRE - SYNCH=Jakarta Selatan
CAFÉ OH LALA MAISON=Jakarta Selatan
CALIFORNIA PIZZA KITCHEN=Jakarta Selatan
CANTEEN=Jakarta Selatan
CANTIK JAKARTA=Jakarta Selatan
CANTIK TOKYO=Jakarta Selatan
CAPOCACCIA SANDWICH AND LOUNGE=Jakarta Selatan
CAPRESE=Jakarta Selatan
CARPE DIEM=Jakarta Selatan
CARREFOUR=Jakarta Selatan
CARREFOUR=Jakarta Selatan
CARREFOUR=Jakarta Selatan
CARREFOUR=Jakarta Selatan
CARREFOUR=Jakarta Selatan
CARREFOUR=Jakarta Selatan
CARREFOUR=Jakarta Selatan
CASA=Jakarta Selatan
CASA DE ESPANA=Jakarta Selatan
CAZBAR=Jakarta Selatan
CAZBAR=Jakarta Selatan
CHERRY=Jakarta Selatan
CHILLOUNGE=Jakarta Selatan
CHOOI YEON=Jakarta Selatan
CLUB JCOOL=Jakarta Selatan
COFFEE SHOP EUPHORIA=Jakarta Selatan
COLONIAL=Jakarta Selatan
COMMON PEOPLE=Jakarta Selatan
COMMUNE BISTRO & GRILL=Jakarta Selatan
CONNOISSEUR=Jakarta Selatan
CORK & SCREW=Jakarta Selatan
CORK & SCREW=Jakarta Selatan
CORNER=Jakarta Selatan
COSMOS=Jakarta Selatan
COWBOYS=Jakarta Selatan
CRASH MACHINE=Jakarta Selatan
CREMA=Jakarta Selatan
CREO=Jakarta Selatan
CRYSTAL EXECUTIVE CLUB=Jakarta Selatan
D' ASTI LOUNGE=Jakarta Selatan
D' ASTI LOUNGE=Jakarta Selatan
D' ASTI LOUNGE=Jakarta Selatan
D' ASTI LOUNGE=Jakarta Selatan
D' ASTI LOUNGE=Jakarta Selatan
D ASTI WINES AND SPIRITS LOUNGE=Jakarta Selatan
D' S PLACE=Jakarta Selatan
DAITOKYO SAKABA=Jakarta Selatan
DE BURSE=Jakarta Selatan
DE HOOI=Jakarta Selatan
DE LEILA=Jakarta Selatan
DECANTER=Jakarta Selatan
DELI=Jakarta Selatan
DELTA FORTUNA RAYA=Jakarta Selatan
DELTA SPA & HEALTH CLUB=Jakarta Selatan
DENNIS=Jakarta Selatan
DESTINATION=Jakarta Selatan
DIALOQUE EATERY=Jakarta Selatan
DIE STUBE=Jakarta Selatan
d'ILARIO=Jakarta Selatan
DIVA=Jakarta Selatan
DIVA=Jakarta Selatan
DIVA=Jakarta Selatan
DIVA=Jakarta Selatan
D'LIGHT=Jakarta Selatan
DO RE MI DO=Jakarta Selatan
DON SANCHO=Jakarta Selatan
DOOR 858=Jakarta Selatan
DOWNTOWN BISTRO=Jakarta Selatan
DRAGON FLAMES=Jakarta Selatan
DRAGONFLY=Jakarta Selatan
D'STORM=Jakarta Selatan
DUTA PARAMA SENTOSA=Jakarta Selatan
E & O=Jakarta Selatan
E' BAR=Jakarta Selatan
EASTERN PROMISE=Jakarta Selatan
EBISU=Jakarta Selatan
EL - ASADOR=Jakarta Selatan
ELBOW ROOM=Jakarta Selatan
EMPIRICA LOUNGE AND BAR=Jakarta Selatan
ENTRADA=Jakarta Selatan
ESPIGA=Jakarta Selatan
EXCHANGE CLUB=Jakarta Selatan
EXODUS=Jakarta Selatan
F E Z=Jakarta Selatan
FABLE=Jakarta Selatan
FAIR GROUND=Jakarta Selatan
FJ BISTRO & DELI=Jakarta Selatan
FJ GRILL=Jakarta Selatan
FJ GRILL=Jakarta Selatan
FJ on 7=Jakarta Selatan
FLAME BOUTIQUE KTV & LOUNGE=Jakarta Selatan
FOODISM=Jakarta Selatan
FOOK YEW=Jakarta Selatan
FORCA=Jakarta Selatan
FORTUNE=Jakarta Selatan
FORTUNE=Jakarta Selatan
FOURTIES=Jakarta Selatan
FUKURO=Jakarta Selatan
GALAXI CHANDRA PURNAMA=Jakarta Selatan
GALAXI CHANDRA PURNAMA=Jakarta Selatan
GANDARIA XXI=Jakarta Selatan
GANESHA=Jakarta Selatan
GANGNAM=Jakarta Selatan
GEDUNG PUTIH=Jakarta Selatan
GEISHA EKSEKUTIF=Jakarta Selatan
GILI LOUNGE & BAR=Jakarta Selatan
GIOVANESE=Jakarta Selatan
GOEN LOUNGE BAR=Jakarta Selatan
GOLD RUSH=Jakarta Selatan
GOURMET CELLAR=Jakarta Selatan
GRAND CRU=Jakarta Selatan
GUSTO TAPAS AND WINE BAR=Jakarta Selatan
HACIENDA MEXICAN BAR & GRILL=Jakarta Selatan
HANSOL=Jakarta Selatan
HAPPY PUPPY=Jakarta Selatan
HAPPY PUPPY=Jakarta Selatan
HARD ROCK CAFÉ=Jakarta Selatan
HIDE and SEEK Restaurant=Jakarta Selatan
HIMAWARI=Jakarta Selatan
HOMARE=Jakarta Selatan
HOMARE=Jakarta Selatan
HOPE TOWN KITCHEN & TEA ROOM=Jakarta Selatan
HOTEL SENTRA BOUTIQUE=Jakarta Selatan
HYDE=Jakarta Selatan
IDEAS=Jakarta Selatan
IKUZE=Jakarta Selatan
IKUZE=Jakarta Selatan
INUL VISTA FAMILY KTV=Jakarta Selatan
INUL VIZTA=Jakarta Selatan
INUL VIZTA=Jakarta Selatan
INUL VIZTA FAMILY KTV=Jakarta Selatan
ISEYA=Jakarta Selatan
ISEYA=Jakarta Selatan
IVY BISTRO=Jakarta Selatan
J - WINE=Jakarta Selatan
J CLUB=Jakarta Selatan
JAWA JAWA=Jakarta Selatan
JAWA JAWA=Jakarta Selatan
JBS CAFÉ & RESTO=Jakarta Selatan
JC'S Café=Jakarta Selatan
JC'S Café=Jakarta Selatan
JIMM'S SPORTS CAFÉ=Jakarta Selatan
JJ ROYAL BRASSERIE=Jakarta Selatan
JJ ROYAL BRASSERIE=Jakarta Selatan
JK-7=Jakarta Selatan
JULIAN NYLAND=Jakarta Selatan
JUNKO=Jakarta Selatan
J-WINE=Jakarta Selatan
J-WINE=Jakarta Selatan
K O I=Jakarta Selatan
K O I=Jakarta Selatan
KAFFEINE=Jakarta Selatan
KAISEN DOKORO KAIHOMARU=Jakarta Selatan
KAISEN DOKORO KAIHOMARU=Jakarta Selatan
KANA RESTOLOUNGE=Jakarta Selatan
KAPPO DON=Jakarta Selatan
KEMANG 58=Jakarta Selatan
KINGKONG=Jakarta Selatan
KIRA KIRA GINZA=Jakarta Selatan
KITCHEN 18=Jakarta Selatan
Klub Minuman=Jakarta Selatan
KOH-E-NOOR=Jakarta Selatan
KOMACHI=Jakarta Selatan
KOMUNAL 88=Jakarta Selatan
Kotengu=Jakarta Selatan
KUNINGAN VILLAGE=Jakarta Selatan
LA LUCE=Jakarta Selatan
LE CIRQUE=Jakarta Selatan
LE MIEUX=Jakarta Selatan
LEVEL II ( LEVEL TWO)=Jakarta Selatan
LIBERICA=Jakarta Selatan
LIBERICA=Jakarta Selatan
LIBERICA=Jakarta Selatan
LIBERICA=Jakarta Selatan
LIBERTE FRENCH BRASSERIE=Jakarta Selatan
LIO GALLERY=Jakarta Selatan
LIQUID EXCHANGE=Jakarta Selatan
LOEWY=Jakarta Selatan
LOT 8=Jakarta Selatan
LULO KITCHEN & BAR=Jakarta Selatan
LUNA NEGRA=Jakarta Selatan
LV CLUB=Jakarta Selatan
M O=Jakarta Selatan
M POINT=Jakarta Selatan
MAD=Jakarta Selatan
MAD DOG=Jakarta Selatan
MADAM KWOK=Jakarta Selatan
MADELEINE BISTRO=Jakarta Selatan
MAGNUM=Jakarta Selatan
MAI - MU=Jakarta Selatan
MAMBO BODEGA=Jakarta Selatan
MAMMA ROSY=Jakarta Selatan
MAMMA ROSY=Jakarta Selatan
MAMMA ROSY=Jakarta Selatan
MANPUKU TETTCHAN=Jakarta Selatan
MARBELLA KEMANG RESIDENCE=Jakarta Selatan
MARKET BAR=Jakarta Selatan
MARKET BAR=Jakarta Selatan
MARLEY=Jakarta Selatan
MARUFUKU=Jakarta Selatan
MATSURI=Jakarta Selatan
MAXI BAR=Jakarta Selatan
MAY STAR=Jakarta Selatan
MELAWAI 21=Jakarta Selatan
MELODI=Jakarta Selatan
MEZZALUNA=Jakarta Selatan
MICHEL'S PATISSERIE=Jakarta Selatan
MIKADO=Jakarta Selatan
MINAMIAOYAMA MAMA=Jakarta Selatan
MING=Jakarta Selatan
MITSUBACHI=Jakarta Selatan
MOE MOE CAFE=Jakarta Selatan
MONDO=Jakarta Selatan
MONOLOG=Jakarta Selatan
MONOLOG=Jakarta Selatan
MOODZ=Jakarta Selatan
MOON RIDER=Jakarta Selatan
MORE=Jakarta Selatan
MORE=Jakarta Selatan
MOS CAFÉ=Jakarta Selatan
MUNCHIES=Jakarta Selatan
MUNCHIES=Jakarta Selatan
MURPHY'S IRISH PUB & PUBLIC HOUSE=Jakarta Selatan
MUSIC POOL=Jakarta Selatan
MY BAR=Jakarta Selatan
MY HUMBLE HOUSE=Jakarta Selatan
MY PLACE=Jakarta Selatan
MY PLACE SPA=Jakarta Selatan
NAMASTE RESTO=Jakarta Selatan
NAV=Jakarta Selatan
NAV=Jakarta Selatan
NAV=Jakarta Selatan
NAV=Jakarta Selatan
NAV=Jakarta Selatan
NAV=Jakarta Selatan
NAV=Jakarta Selatan
NAV=Jakarta Selatan
NEGEV=Jakarta Selatan
NEGEV=Jakarta Selatan
NEO AMOR=Jakarta Selatan
NEW JIKEI SACHI BAR RESTAURANT=Jakarta Selatan
NEW SENTRA=Jakarta Selatan
NEW TOP GUN=Jakarta Selatan
NINETY NINE=Jakarta Selatan
nIP & DRAM=Jakarta Selatan
NOMOR SATU=Jakarta Selatan
NOUVELLE=Jakarta Selatan
NU' CHINA BAR & LOUNGE=Jakarta Selatan
NUTMEG CUISINE & BAR=Jakarta Selatan
OAKROOM=Jakarta Selatan
ODYSSEIA=Jakarta Selatan
ODYSSEIA=Jakarta Selatan
OPERA BLANC=Jakarta Selatan
OSAMUYA=Jakarta Selatan
OSAMUYA=Jakarta Selatan
OUTBACK STEAKHOUSE=Jakarta Selatan
OUTBACK STEAKHOUSE=Jakarta Selatan
PALACE BAR=Jakarta Selatan
Pamor Pool "N" Bar=Jakarta Selatan
PAPILON=Jakarta Selatan
PARC 19=Jakarta Selatan
PASTIS KITCHEN & BAR=Jakarta Selatan
PATHEYA=Jakarta Selatan
PATIO=Jakarta Selatan
PENARI=Jakarta Selatan
PEPENERO=Jakarta Selatan
PEPeNERO=Jakarta Selatan
PEPeNERO CUCINA ITALIANA=Jakarta Selatan
PETROMAK'=Jakarta Selatan
PHOBAR=Jakarta Selatan
PISA CAFÉ & RESTO MAHAKAM=Jakarta Selatan
PISA SETIABUDI=Jakarta Selatan
PISCATOR=Jakarta Selatan
PIZZA E BIRRA=Jakarta Selatan
PIZZA E BIRRA=Jakarta Selatan
PLANET HOLLYWOOD=Jakarta Selatan
PLANET HOLLYWOOD=Jakarta Selatan
POKENBIR=Jakarta Selatan
POPULAR MANSION KITCHEN & BAR=Jakarta Selatan
POTATO HEAD=Jakarta Selatan
POTATO HEAD GARAGE=Jakarta Selatan
PRIME CUTS=Jakarta Selatan
PRINCESA=Jakarta Selatan
PRINCESA=Jakarta Selatan
PROLOGUE=Jakarta Selatan
PUBLO=Jakarta Selatan
PURAN=Jakarta Selatan
PURE DINE & DRINK=Jakarta Selatan
Putra Raja=Jakarta Selatan
Q - RI=Jakarta Selatan
RACE 2 RUN CAFÉ=Jakarta Selatan
RANCH KITCHEN=Jakarta Selatan
RAT AT QUILLE=Jakarta Selatan
RED & WHITE=Jakarta Selatan
RED & WHITE=Jakarta Selatan
RED & WHITE=Jakarta Selatan
RED & WHITE=Jakarta Selatan
RED & WHITE=Jakarta Selatan
RED & WHITE=Jakarta Selatan
RED & WHITE=Jakarta Selatan
RED & WHITE WINE & SPIRIT=Jakarta Selatan
RED & WHITE WINE & SPIRITS=Jakarta Selatan
RED LINE=Jakarta Selatan
RED LINE=Jakarta Selatan
RED TOMATO=Jakarta Selatan
RICK'S CAFÉ=Jakarta Selatan
RIKISHI=Jakarta Selatan
RIKISHI=Jakarta Selatan
ROLLING STONE CAFE=Jakarta Selatan
ROOSTERS=Jakarta Selatan
ROPPONGI PAPA=Jakarta Selatan
ROPPONGI PAPA=Jakarta Selatan
ROPPONGI PAPA=Jakarta Selatan
Royal Cuisine Chinese=Jakarta Selatan
SAFE HOUSE=Jakarta Selatan
SAHATI=Jakarta Selatan
SAHATI=Jakarta Selatan
SALA KITCHEN & BAR=Jakarta Selatan
SAMWON GARDEN=Jakarta Selatan
SANJIKEN=Jakarta Selatan
SCORE=Jakarta Selatan
SECRET=Jakarta Selatan
SHABURI KINTAN=Jakarta Selatan
SHELTER=Jakarta Selatan
SHY=Jakarta Selatan
SLAM=Jakarta Selatan
SMOKEY RIBS=Jakarta Selatan
SMS=Jakarta Selatan
SOLT=Jakarta Selatan
SOMERSET CAFÉ=Jakarta Selatan
SOP BUNTUT BOGOR CAFE=Jakarta Selatan
SOPRA=Jakarta Selatan
SOPRA RISTORANTE=Jakarta Selatan
SOUL 18=Jakarta Selatan
SOUPANOVA ECO SKY=Jakarta Selatan
SPAIN BAR=Jakarta Selatan
SPANKYS=Jakarta Selatan
SPLASH BAR @ THE GROVE=Jakarta Selatan
SPORT STUBE=Jakarta Selatan
SPORTSMANS=Jakarta Selatan
STAR DELI=Jakarta Selatan
STAR LIGHT=Jakarta Selatan
STINGRAY CLUB & LOUNGE=Jakarta Selatan
STONEGRILL=Jakarta Selatan
STONEGRILL=Jakarta Selatan
Studio 21=Jakarta Selatan
SUGAR GALLERIE BY GULAKU=Jakarta Selatan
SUIHOU=Jakarta Selatan
SUMIBIAN ELITE FOOD=Jakarta Selatan
SUMIBIAN ELITE FOOD=Jakarta Selatan
SUSHI KIOSK=Jakarta Selatan
SUSHI TEI=Jakarta Selatan
SUSHI TEI=Jakarta Selatan
SUSHI TEI=Jakarta Selatan
SUSHI TEI=Jakarta Selatan
SUSHIGROOVE=Jakarta Selatan
SUSHIGROOVE=Jakarta Selatan
SUSHIGROOVE KOKAS=Jakarta Selatan
SUSHI-KU=Jakarta Selatan
SUSHI-KU=Jakarta Selatan
SUSHI-KU=Jakarta Selatan
SUSHI-KU=Jakarta Selatan
T.G.I FRIDAYS=Jakarta Selatan
T.G.I. FRIDAY'S=Jakarta Selatan
TAKEYA=Jakarta Selatan
TAMBA RESTAURANT=Jakarta Selatan
TARTINE=Jakarta Selatan
Tee Box Oriental=Jakarta Selatan
THE BARREL=Jakarta Selatan
THE BARREL=Jakarta Selatan
THE BARREL=Jakarta Selatan
THE BARREL=Jakarta Selatan
The Duck King=Jakarta Selatan
THE EDGE=Jakarta Selatan
THE EDGE=Jakarta Selatan
THE EVEREST=Jakarta Selatan
THE EVEREST=Jakarta Selatan
THE EX=Jakarta Selatan
THE LOFT=Jakarta Selatan
THE MALEO=Jakarta Selatan
THE PLAYGROUND=Jakarta Selatan
THE ROYAL KITCHEN=Jakarta Selatan
THE STANDFORD ARMS=Jakarta Selatan
THE WINE CELLAR=Jakarta Selatan
THREE BUNS=Jakarta Selatan
TIPSY WINE BAR=Jakarta Selatan
TOBA TABO=Jakarta Selatan
TOKISHIRAZU=Jakarta Selatan
TOKISHIRAZU=Jakarta Selatan
TOKYO BELLY=Jakarta Selatan
TOLLY=Jakarta Selatan
TOLLY=Jakarta Selatan
TOMBO=Jakarta Selatan
TONY ROMA'S=Jakarta Selatan
TONY ROMA'S=Jakarta Selatan
TORIGEN=Jakarta Selatan
TOSCANA=Jakarta Selatan
TRATTORIA CAFE=Jakarta Selatan
TRATTORIA IL SALE=Jakarta Selatan
TRIPLE NINE=Jakarta Selatan
TWG=Jakarta Selatan
UMBRA=Jakarta Selatan
UMBRA=Jakarta Selatan
UNICORN BAR & LOUNGE=Jakarta Selatan
UNION=Jakarta Selatan
URBAN KITCHEN=Jakarta Selatan
USAGI PART 2=Jakarta Selatan
U-ZOU=Jakarta Selatan
VELPA=Jakarta Selatan
VELPA=Jakarta Selatan
VENUE=Jakarta Selatan
VIN +=Jakarta Selatan
VIN +=Jakarta Selatan
VINES=Jakarta Selatan
VINES=Jakarta Selatan
VINES=Jakarta Selatan
VINES=Jakarta Selatan
VINES=Jakarta Selatan
VINES=Jakarta Selatan
VINOTECA=Jakarta Selatan
VINTAGE GARAGE=Jakarta Selatan
WALKING=Jakarta Selatan
WHITE HUNTER RIBS, GRILL & BAR=Jakarta Selatan
WIJAYA SOJU CAFÉ=Jakarta Selatan
WILSHIRE=Jakarta Selatan
X 9 CLUB=Jakarta Selatan
X 9 CLUB=Jakarta Selatan
Y & Y=Jakarta Selatan
YOKUNATTA=Jakarta Selatan
YO'PANINO=Jakarta Selatan
YOU ONLY LIVE ONCE=Jakarta Selatan
YOZORA=Jakarta Selatan
YUJIRO=Jakarta Selatan
YUJIRO=Jakarta Selatan
YUKI=Jakarta Selatan
YUKI 1=Jakarta Selatan
YUMEYA=Jakarta Selatan
YUU EXECUTIVE=Jakarta Selatan
ZANAS BAR & GRILL=Jakarta Selatan
ZEROSEN=Jakarta Selatan
ZII=Jakarta Selatan
ZODIACUS=Jakarta Selatan
Beer House=Jakarta Timur
Cafe Dangdut "Waah"=Jakarta Timur
Café Royal=Jakarta Timur
C'one Hotel Pulomas=Jakarta Timur
Dinasty Cafe=Jakarta Timur
Grand Charly Vhi Karaoke=Jakarta Timur
Inul Vizta=Jakarta Timur
Inul Vizta=Jakarta Timur
Inul Vizta=Jakarta Timur
Inul Vizta Family Ktv=Jakarta Timur
Inul Vizta Family Ktv=Jakarta Timur
New Hunters=Jakarta Timur
New Matra 21=Jakarta Timur
New Matra 21=Jakarta Timur
New Mega Dangdut=Jakarta Timur
Persada=Jakarta Timur
Star Orange=Jakarta Timur
Taman Palma=Jakarta Timur
The New Petualang Cafe=Jakarta Timur
Token " Taiwan Original Chicken"=Jakarta Utara
2001 Hong=Jakarta Utara
2nd Home=Jakarta Utara
33 Degree Sky Bridge=Jakarta Utara
Above 5=Jakarta Utara
After Hour=Jakarta Utara
Alegro=Jakarta Utara
Alexis=Jakarta Utara
Allegro=Jakarta Utara
Angke Restoran Function Hall=Jakarta Utara
Aruni=Jakarta Utara
Atlantic=Jakarta Utara
Backstage=Jakarta Utara
Base Bar & Café=Jakarta Utara
Batavia Sunda Kelapa Marina=Jakarta Utara
Beer Wine & Spirits=Jakarta Utara
Bistro=Jakarta Utara
Blitzmegaplex=Jakarta Utara
Blue Box=Jakarta Utara
Blue Topaz=Jakarta Utara
Bornga=Jakarta Utara
Bottle=Jakarta Utara
Buckingham=Jakarta Utara
Bunaken Ria=Jakarta Utara
Busines Oriental Club=Jakarta Utara
Café Amo=Jakarta Utara
Café Amo=Jakarta Utara
Café Monalisa=Jakarta Utara
Café Monalisa=Jakarta Utara
Café Sentana=Jakarta Utara
Café Sky=Jakarta Utara
Café Sky=Jakarta Utara
Carrefour=Jakarta Utara
Cathay=Jakarta Utara
Cempaka Jaya=Jakarta Utara
Club M Karaoke=Jakarta Utara
Coin's=Jakarta Utara
Comfort=Jakarta Utara
Delta Duta Fortuna=Jakarta Utara
Delta Duta Fortuna=Jakarta Utara
Dewi Fortuna=Jakarta Utara
Dewi Sri=Jakarta Utara
Diamond=Jakarta Utara
District=Jakarta Utara
Dynasty=Jakarta Utara
E Bar=Jakarta Utara
E Bar=Jakarta Utara
East Star=Jakarta Utara
East Star=Jakarta Utara
Eleventh Hour=Jakarta Utara
Europa Sport=Jakarta Utara
Flamboyan=Jakarta Utara
G B C ( Galaxy Business Club )=Jakarta Utara
Golden Hands=Jakarta Utara
Hailai International=Jakarta Utara
Hana=Jakarta Utara
Hangover=Jakarta Utara
Happy Puppy=Jakarta Utara
Happy Puppy=Jakarta Utara
Happy Puppy=Jakarta Utara
Happy Puppy=Jakarta Utara
Hollywood=Jakarta Utara
Hottencole=Jakarta Utara
Hottencole=Jakarta Utara
Ibiza - Chamomile=Jakarta Utara
Ichibiru=Jakarta Utara
Ikkousha=Jakarta Utara
Ilha Formosa=Jakarta Utara
Inul Vizta=Jakarta Utara
Inul Vizta Family Ktv=Jakarta Utara
Ipool=Jakarta Utara
Jakarta Café=Jakarta Utara
Jupiter 2=Jakarta Utara
Jupiter Café=Jakarta Utara
J-Wine=Jakarta Utara
Kamtag Chicken=Jakarta Utara
Kamtag Chicken=Jakarta Utara
King Chef=Jakarta Utara
King Cross=Jakarta Utara
Liquorshop88=Jakarta Utara
Lollipop=Jakarta Utara
London Bar=Jakarta Utara
M. Star=Jakarta Utara
May Star=Jakarta Utara
Mb. Istana Dangdut=Jakarta Utara
Mc 168=Jakarta Utara
Memory=Jakarta Utara
Mercury Indah=Jakarta Utara
Metropolitan=Jakarta Utara
Mexico=Jakarta Utara
Minus 2 (Two)=Jakarta Utara
Momento=Jakarta Utara
Monggo Mas Gading=Jakarta Utara
Moon Light=Jakarta Utara
Morena Cafe=Jakarta Utara
MTR 2=Jakarta Utara
My Place=Jakarta Utara
Mystique=Jakarta Utara
Namaste Resto=Jakarta Utara
Nav=Jakarta Utara
Nav=Jakarta Utara
Nav=Jakarta Utara
Nav=Jakarta Utara
Nav=Jakarta Utara
Nav=Jakarta Utara
Nav Karaoke Keluarga=Jakarta Utara
Navigo=Jakarta Utara
Navigo=Jakarta Utara
New Cahaya=Jakarta Utara
New Champion=Jakarta Utara
Northren House Indonesia=Jakarta Utara
Nuno Fusion Food=Jakarta Utara
Oppa House Of Soju=Jakarta Utara
Pan And Barrel=Jakarta Utara
Pondok Impian=Jakarta Utara
Port Er House=Jakarta Utara
Presiden=Jakarta Utara
Queen's Of India=Jakarta Utara
R & R=Jakarta Utara
Red And White=Jakarta Utara
Red Core=Jakarta Utara
Replay=Jakarta Utara
Satu - 8=Jakarta Utara
Segarra=Jakarta Utara
Sehat Gembira (Sg)=Jakarta Utara
Sense=Jakarta Utara
Seven=Jakarta Utara
Sing Sing Family Karaoke=Jakarta Utara
Smokey Ribs=Jakarta Utara
Spamas=Jakarta Utara
Sport Shoot Pool=Jakarta Utara
Sri Rejeki=Jakarta Utara
Style's=Jakarta Utara
Sumo=Jakarta Utara
Sushi Masa=Jakarta Utara
Sushi Tei=Jakarta Utara
Sushi Tei=Jakarta Utara
Taipan=Jakarta Utara
Tanker=Jakarta Utara
Ted's=Jakarta Utara
Tematik=Jakarta Utara
Ten Pro=Jakarta Utara
Ten Pro=Jakarta Utara
Thang Cafe=Jakarta Utara
The Barrel=Jakarta Utara
The Beers=Jakarta Utara
The Melpot=Jakarta Utara
Thirty Seven Degrees=Jakarta Utara
Top Café & Resto=Jakarta Utara
Top Star=Jakarta Utara
Tuch And Chuck=Jakarta Utara
Vita Bella Café=Jakarta Utara
Viti=Jakarta Utara
Voize=Jakarta Utara
Waterbom=Jakarta Utara
Wayn=Jakarta Utara
Whiz=Jakarta Utara
Wine Cellar=Jakarta Utara
Wine Line=Jakarta Utara